Cycle_Index,Test_Time (s),Min_Current (A),Max_Current (A),Min_Voltage (V),Max_Voltage (V),Charge_Capacity (Ah),Discharge_Capacity (Ah),Charge_Energy (Wh),Discharge_Energy (Wh)
1.0,9263.67,-1.6,1.601,2.9,4.266,0.008,3.326,0.017,11.731
2.0,26717.693,-1.6,1.601,2.9,4.0,2.764,2.742,10.431,9.482
3.0,44045.527,-1.6,1.601,2.9,4.0,2.744,2.742,10.345,9.478
4.0,61349.242,-1.6,1.601,2.9,4.0,2.743,2.739,10.344,9.47
5.0,78589.084,-1.6,1.601,2.9,4.0,2.743,2.741,10.34,9.478
6.0,95887.718,-1.6,1.601,2.9,4.0,2.744,2.739,10.343,9.469
7.0,113152.37,-1.6,1.601,2.9,4.0,2.742,2.74,10.339,9.471
8.0,130427.912,-1.6,1.601,2.9,4.0,2.743,2.739,10.339,9.467
9.0,147648.278,-1.6,1.601,2.9,4.0,2.742,2.739,10.336,9.468
10.0,164913.09,-1.6,1.601,2.9,4.0,2.742,2.738,10.336,9.464
11.0,182190.358,-1.6,1.601,2.9,4.0,2.741,2.738,10.333,9.461
12.0,199447.716,-1.6,1.601,2.9,4.0,2.741,2.738,10.334,9.465
13.0,216718.323,-1.6,1.601,2.9,4.0,2.74,2.736,10.331,9.456
14.0,233955.693,-1.6,1.601,2.9,4.0,2.739,2.736,10.326,9.456
15.0,251234.127,-1.6,1.601,2.9,4.0,2.74,2.735,10.326,9.45
16.0,268505.448,-1.6,1.601,2.9,4.0,2.738,2.735,10.322,9.449
17.0,285782.969,-1.6,1.601,2.9,4.0,2.738,2.735,10.323,9.448
18.0,303084.504,-1.6,1.601,2.9,4.0,2.738,2.734,10.322,9.445
19.0,320356.1,-1.6,1.601,2.9,4.0,2.737,2.734,10.32,9.444
20.0,337671.404,-1.6,1.601,2.9,4.0,2.737,2.732,10.318,9.436
21.0,355010.684,-1.6,1.601,2.9,4.0,2.735,2.732,10.315,9.432
22.0,372346.314,-1.6,1.601,2.9,4.0,2.735,2.731,10.314,9.43
23.0,389668.93,-1.6,1.601,2.9,4.0,2.735,2.731,10.313,9.43
24.0,407029.827,-1.6,1.601,2.9,4.0,2.734,2.73,10.311,9.425
25.0,424401.17,-1.6,1.601,2.9,4.0,2.733,2.73,10.308,9.424
26.0,441749.305,-1.6,1.601,2.9,4.0,2.733,2.73,10.309,9.424
27.0,459124.862,-1.6,1.601,2.9,4.0,2.733,2.729,10.307,9.421
28.0,476509.365,-1.6,1.601,2.9,4.0,2.732,2.728,10.305,9.415
29.0,493968.469,-1.6,1.601,2.9,4.0,2.731,2.726,10.301,9.405
30.0,511438.517,-1.6,1.601,2.9,4.0,2.73,2.726,10.299,9.402
31.0,528885.127,-1.6,1.601,2.9,4.0,2.729,2.726,10.298,9.404
32.0,546313.926,-1.6,1.601,2.9,4.0,2.73,2.726,10.299,9.404
33.0,563657.945,-1.6,1.601,2.9,4.0,2.73,2.727,10.298,9.413
34.0,581070.675,-1.6,1.601,2.9,4.0,2.73,2.726,10.298,9.405
35.0,598445.464,-1.6,1.601,2.9,4.0,2.729,2.725,10.294,9.405
36.0,615860.083,-1.6,1.601,2.9,4.0,2.729,2.724,10.293,9.396
37.0,633219.447,-1.6,1.601,2.9,4.0,2.727,2.724,10.289,9.397
38.0,650613.436,-1.6,1.601,2.9,4.0,2.728,2.724,10.29,9.396
39.0,668001.709,-1.6,1.601,2.9,4.0,2.727,2.724,10.288,9.396
40.0,685494.498,-1.6,1.601,2.9,4.0,2.726,2.721,10.286,9.378
41.0,702972.771,-1.6,1.601,2.9,4.0,2.725,2.722,10.284,9.385
42.0,720440.531,-1.6,1.601,2.9,4.0,2.725,2.721,10.284,9.382
43.0,737905.322,-1.6,1.601,2.9,4.0,2.725,2.721,10.281,9.38
44.0,755378.661,-1.6,1.601,2.9,4.0,2.725,2.72,10.281,9.378
45.0,772901.788,-1.6,1.601,2.9,4.0,2.723,2.719,10.279,9.37
46.0,790445.906,-1.6,1.601,2.9,4.0,2.723,2.719,10.277,9.369
47.0,802172.195,-1.6,1.601,2.9,4.0,2.211,2.211,8.229,7.47
48.0,819684.887,-1.6,1.601,2.9,4.0,2.722,2.719,10.274,9.37
49.0,837165.987,-1.6,1.601,2.9,4.0,2.723,2.719,10.276,9.371
50.0,854690.867,-1.6,1.601,2.9,4.0,2.722,2.717,10.271,9.359
51.0,872235.75,-1.6,1.601,2.9,4.0,2.72,2.716,10.268,9.355
52.0,889851.484,-1.6,1.601,2.9,4.0,2.719,2.715,10.266,9.347
53.0,901628.403,-1.6,1.601,2.9,4.0,2.198,2.197,8.182,7.411
54.0,919183.689,-1.6,1.601,2.9,4.0,2.718,2.716,10.266,9.355
55.0,936791.713,-1.6,1.601,2.9,4.0,2.72,2.714,10.266,9.345
56.0,954418.535,-1.6,1.601,2.9,4.0,2.717,2.714,10.262,9.346
57.0,972058.31,-1.6,1.601,2.9,4.0,2.718,2.713,10.262,9.339
58.0,989735.054,-1.6,1.601,2.9,4.0,2.717,2.712,10.26,9.336
59.0,1007398.692,-1.6,1.601,2.9,4.0,2.716,2.712,10.258,9.336
60.0,1025215.305,-1.6,1.601,2.9,4.0,2.715,2.709,10.254,9.315
61.0,1043021.255,-1.6,1.601,2.9,4.0,2.713,2.709,10.25,9.317
62.0,1060766.342,-1.6,1.601,2.9,4.0,2.713,2.71,10.253,9.322
63.0,1078502.756,-1.6,1.601,2.9,4.0,2.714,2.709,10.251,9.32
64.0,1096221.108,-1.6,1.601,2.9,4.0,2.713,2.709,10.25,9.32
65.0,1114068.799,-1.6,1.601,2.9,4.0,2.712,2.707,10.249,9.308
66.0,1131857.632,-1.6,1.601,2.9,4.0,2.711,2.708,10.247,9.314
67.0,1149467.476,-1.6,1.601,2.9,4.0,2.713,2.71,10.247,9.328
68.0,1167214.084,-1.6,1.601,2.9,4.0,2.714,2.708,10.249,9.314
69.0,1184939.232,-1.6,1.601,2.9,4.0,2.711,2.708,10.243,9.314
70.0,1202640.744,-1.6,1.601,2.9,4.0,2.711,2.708,10.244,9.313
71.0,1220386.677,-1.6,1.601,2.9,4.0,2.711,2.707,10.241,9.307
72.0,1238222.541,-1.6,1.601,2.9,4.0,2.711,2.706,10.243,9.305
73.0,1255987.223,-1.6,1.601,2.9,4.0,2.71,2.706,10.239,9.303
74.0,1273713.569,-1.6,1.601,2.9,4.0,2.71,2.707,10.238,9.308
75.0,1291447.236,-1.6,1.601,2.9,4.0,2.711,2.706,10.239,9.303
76.0,1309165.518,-1.6,1.601,2.9,4.0,2.709,2.707,10.238,9.31
77.0,1326974.243,-1.6,1.601,2.9,4.0,2.709,2.705,10.236,9.297
78.0,1344801.767,-1.6,1.601,2.9,4.0,2.708,2.704,10.232,9.293
79.0,1362710.272,-1.6,1.601,2.9,4.0,2.708,2.703,10.233,9.285
80.0,1380691.671,-1.6,1.601,2.9,4.0,2.706,2.702,10.23,9.28
81.0,1398572.024,-1.6,1.601,2.9,4.0,2.705,2.702,10.227,9.284
82.0,1416521.399,-1.6,1.601,2.9,4.0,2.706,2.701,10.228,9.277
83.0,1434439.659,-1.6,1.601,2.9,4.0,2.704,2.701,10.225,9.275
84.0,1452317.75,-1.6,1.601,2.9,4.0,2.705,2.7,10.225,9.273
85.0,1470243.147,-1.6,1.601,2.9,4.0,2.704,2.7,10.22,9.274
86.0,1488109.375,-1.6,1.601,2.9,4.0,2.704,2.701,10.223,9.28
87.0,1506063.649,-1.6,1.601,2.9,4.0,2.704,2.699,10.222,9.267
88.0,1523896.471,-1.6,1.601,2.9,4.0,2.703,2.701,10.22,9.281
89.0,1541638.912,-1.6,1.601,2.9,4.0,2.705,2.701,10.222,9.286
90.0,1559432.162,-1.6,1.601,2.9,4.0,2.705,2.7,10.22,9.28
91.0,1577299.03,-1.6,1.601,2.9,4.0,2.703,2.699,10.219,9.273
92.0,1595190.99,-1.6,1.601,2.9,4.0,2.703,2.698,10.216,9.269
93.0,1613029.32,-1.6,1.601,2.9,4.0,2.702,2.698,10.214,9.27
94.0,1630898.647,-1.6,1.601,2.9,4.0,2.702,2.697,10.214,9.264
95.0,1648759.854,-1.6,1.601,2.9,4.0,2.701,2.697,10.21,9.264
96.0,1666732.601,-1.6,1.601,2.9,4.0,2.7,2.696,10.209,9.255
97.0,1684716.43,-1.6,1.601,2.9,4.0,2.699,2.695,10.208,9.249
98.0,1702758.337,-1.6,1.601,2.9,4.0,2.698,2.695,10.205,9.251
99.0,1720803.738,-1.6,1.601,2.9,4.0,2.698,2.692,10.205,9.237
100.0,1738889.027,-1.6,1.601,2.9,4.0,2.696,2.692,10.199,9.234
101.0,1756968.575,-1.6,1.601,2.9,4.0,2.696,2.691,10.198,9.233
102.0,1775069.284,-1.6,1.601,2.9,4.0,2.695,2.691,10.196,9.23
103.0,1793183.601,-1.6,1.601,2.9,4.0,2.695,2.691,10.196,9.229
104.0,1811430.871,-1.6,1.601,2.9,4.0,2.694,2.689,10.194,9.221
105.0,1829553.121,-1.6,1.601,2.9,4.0,2.693,2.69,10.192,9.226
106.0,1847652.148,-1.6,1.601,2.9,4.0,2.694,2.69,10.18,9.227
107.0,1865762.99,-1.6,1.601,2.9,4.0,2.694,2.688,10.191,9.219
108.0,1883918.592,-1.6,1.601,2.9,4.0,2.692,2.688,10.189,9.216
109.0,1902042.985,-1.6,1.601,2.9,4.0,2.692,2.688,10.183,9.215
110.0,1920229.682,-1.6,1.601,2.9,4.0,2.692,2.688,10.188,9.219
111.0,1938352.729,-1.6,1.601,2.9,4.0,2.692,2.687,10.187,9.213
112.0,1956473.689,-1.6,1.601,2.9,4.0,2.691,2.686,10.182,9.207
113.0,1974735.708,-1.6,1.601,2.9,4.0,2.691,2.686,10.184,9.203
114.0,1993182.848,-1.6,1.601,2.9,4.0,2.688,2.681,10.179,9.175
115.0,2011489.036,-1.6,1.601,2.9,4.0,2.686,2.684,10.174,9.192
116.0,2029689.336,-1.6,1.601,2.9,4.0,2.688,2.685,10.178,9.204
117.0,2047701.288,-1.6,1.601,2.9,4.0,2.691,2.688,10.181,9.222
118.0,2065678.502,-1.6,1.601,2.9,4.0,2.691,2.687,10.178,9.218
119.0,2083629.47,-1.6,1.601,2.9,4.0,2.691,2.688,10.179,9.219
120.0,2101637.65,-1.6,1.601,2.9,4.0,2.691,2.685,10.179,9.211
121.0,2113321.277,-1.6,1.601,2.9,4.0,2.136,2.136,7.964,7.169
122.0,2124930.175,-1.6,1.601,2.9,4.0,2.131,2.132,7.945,7.158
123.0,2142910.208,-1.6,1.601,2.9,4.001,2.692,2.687,10.182,9.222
124.0,2160914.357,-1.6,1.601,2.9,4.0,2.691,2.686,10.178,9.215
125.0,2178879.321,-1.6,1.601,2.9,4.001,2.69,2.687,10.175,9.218
126.0,2196867.341,-1.6,1.601,2.9,4.001,2.69,2.686,10.175,9.213
127.0,2214949.191,-1.6,1.601,2.9,4.001,2.689,2.684,10.172,9.204
128.0,2233267.83,-1.6,1.601,2.9,4.0,2.685,2.679,10.166,9.171
129.0,2251607.15,-1.6,1.601,2.9,4.0,2.683,2.678,10.16,9.168
130.0,2270032.916,-1.6,1.601,2.9,4.0,2.682,2.678,10.156,9.167
131.0,2288413.318,-1.6,1.601,2.9,4.0,2.681,2.676,10.158,9.16
132.0,2306917.162,-1.6,1.601,2.9,4.0,2.68,2.675,10.155,9.153
133.0,2325426.757,-1.6,1.601,2.9,4.0,2.68,2.676,10.156,9.161
134.0,2337254.858,-1.6,1.601,2.9,4.0,2.102,2.101,7.843,7.029
135.0,2355707.91,-1.6,1.601,2.9,4.0,2.679,2.674,10.155,9.145
136.0,2374256.599,-1.6,1.601,2.9,4.0,2.678,2.675,10.15,9.15
137.0,2392773.217,-1.6,1.601,2.9,4.0,2.679,2.674,10.152,9.147
138.0,2404572.419,-1.6,1.601,2.9,4.0,2.103,2.104,7.849,7.039
139.0,2423131.625,-1.6,1.601,2.9,4.0,2.679,2.673,10.153,9.14
140.0,2441688.226,-1.6,1.601,2.9,4.0,2.677,2.671,10.146,9.132
141.0,2460334.63,-1.6,1.601,2.9,4.0,2.675,2.67,10.143,9.124
142.0,2478871.993,-1.6,1.601,2.9,4.0,2.674,2.671,10.139,9.134
143.0,2497364.596,-1.6,1.601,2.9,4.131,2.676,2.672,10.142,9.137
144.0,2515749.046,-1.6,1.601,2.9,4.0,2.676,2.674,10.144,9.15
145.0,2527501.404,-1.6,1.601,2.9,4.0,2.102,2.102,7.84,7.033
146.0,2546021.387,-1.6,1.601,2.9,4.0,2.678,2.672,10.147,9.143
147.0,2564432.448,-1.6,1.601,2.9,4.0,2.676,2.67,10.141,9.128
148.0,2582858.383,-1.6,1.601,2.9,4.0,2.675,2.671,10.137,9.136
149.0,2601418.312,-1.6,1.601,2.9,4.0,2.675,2.671,10.138,9.132
150.0,2619883.558,-1.6,1.601,2.9,4.0,2.675,2.67,10.138,9.133
151.0,2638349.946,-1.6,1.601,2.9,4.0,2.674,2.67,10.134,9.134
152.0,2656982.896,-1.6,1.601,2.9,4.0,2.674,2.67,10.134,9.129
153.0,2675670.78,-1.6,1.601,2.9,4.0,2.673,2.668,10.134,9.118
154.0,2694214.295,-1.6,1.601,2.9,4.0,2.672,2.668,10.13,9.121
155.0,2712822.121,-1.6,1.601,2.9,4.0,2.672,2.667,10.126,9.117
156.0,2731458.136,-1.6,1.601,2.9,4.0,2.672,2.667,10.13,9.114
157.0,2750151.635,-1.6,1.601,2.9,4.0,2.67,2.666,10.127,9.11
158.0,2768954.818,-1.6,1.601,2.9,4.0,2.67,2.662,10.125,9.09
159.0,2787875.474,-1.6,1.601,2.9,4.0,2.665,2.662,10.119,9.089
160.0,2806672.932,-1.6,1.601,2.9,4.0,2.667,2.662,10.116,9.087
161.0,2825471.96,-1.6,1.601,2.9,4.0,2.665,2.661,10.114,9.086
162.0,2844143.298,-1.6,1.601,2.9,4.0,2.665,2.663,10.114,9.098
163.0,2862683.25,-1.6,1.601,2.9,4.0,2.669,2.665,10.119,9.113
164.0,2881232.689,-1.6,1.601,2.9,4.0,2.669,2.664,10.118,9.104
165.0,2899812.445,-1.6,1.601,2.9,4.0,2.668,2.664,10.115,9.104
166.0,2918398.377,-1.6,1.601,2.9,4.0,2.668,2.664,10.115,9.104
167.0,2936966.708,-1.6,1.601,2.9,4.0,2.668,2.663,10.114,9.101
168.0,2955550.036,-1.6,1.601,2.9,4.0,2.667,2.663,10.112,9.1
169.0,2974105.698,-1.6,1.601,2.9,4.0,2.667,2.663,10.111,9.098
170.0,2992675.391,-1.6,1.601,2.9,4.0,2.667,2.662,10.111,9.097
171.0,3011235.886,-1.6,1.601,2.9,4.0,2.667,2.663,10.111,9.101
172.0,3029661.918,-1.6,1.601,2.9,4.0,2.668,2.665,10.112,9.113
173.0,3048174.806,-1.6,1.601,2.9,4.001,2.668,2.663,10.112,9.102
174.0,3066759.417,-1.6,1.601,2.9,4.0,2.666,2.66,10.108,9.084
175.0,3085538.119,-1.6,1.601,2.9,4.0,2.663,2.659,10.102,9.074
176.0,3104299.526,-1.6,1.601,2.9,4.0,2.662,2.657,10.102,9.064
177.0,3123001.768,-1.6,1.601,2.9,4.0,2.661,2.657,10.096,9.065
178.0,3141767.684,-1.6,1.601,2.9,4.0,2.66,2.655,10.095,9.064
179.0,3160561.66,-1.6,1.601,2.9,4.0,2.66,2.655,10.092,9.059
180.0,3179515.678,-1.6,1.601,2.9,4.0,2.659,2.655,10.092,9.056
181.0,3198349.104,-1.6,1.601,2.9,4.0,2.658,2.655,10.091,9.056
182.0,3217257.629,-1.6,1.601,2.9,4.0,2.659,2.653,10.093,9.047
183.0,3236240.931,-1.6,1.601,2.9,4.0,2.657,2.654,10.089,9.049
184.0,3255214.134,-1.6,1.601,2.9,4.0,2.658,2.651,10.09,9.041
185.0,3274094.399,-1.6,1.601,2.9,4.0,2.655,2.651,10.081,9.036
186.0,3293013.107,-1.6,1.601,2.9,4.0,2.655,2.651,10.083,9.036
187.0,3311884.697,-1.6,1.601,2.9,4.0,2.655,2.65,10.081,9.034
188.0,3331031.48,-1.6,1.601,2.9,4.0,2.655,2.651,10.082,9.036
189.0,3350103.564,-1.6,1.601,2.9,4.0,2.655,2.65,10.082,9.033
190.0,3361706.802,-1.6,1.601,2.9,4.0,2.046,2.047,7.647,6.824
191.0,3380629.59,-1.6,1.601,2.9,4.001,2.656,2.651,10.085,9.038
192.0,3399483.635,-1.6,1.601,2.9,4.0,2.655,2.65,10.078,9.034
193.0,3418367.317,-1.6,1.601,2.9,4.0,2.654,2.648,10.076,9.029
194.0,3437337.901,-1.6,1.601,2.9,4.0,2.653,2.649,10.073,9.031
195.0,3448872.022,-1.6,1.601,2.9,4.0,2.041,2.041,7.626,6.795
196.0,3467840.06,-1.6,1.601,2.9,4.0,2.653,2.646,10.077,9.014
197.0,3486792.533,-1.6,1.601,2.9,4.0,2.651,2.647,10.067,9.021
198.0,3505840.295,-1.601,1.601,2.9,4.0,2.652,2.647,10.07,9.018
199.0,3524930.933,-1.6,1.601,2.9,4.0,2.651,2.646,10.071,9.01
200.0,3544049.215,-1.6,1.601,2.9,4.0,2.649,2.644,10.063,9.006
201.0,3560466.699,-1.6,1.601,2.9,4.0,2.649,2.38,10.061,8.242
202.0,3576083.059,-1.6,1.601,2.9,4.0,2.388,2.38,9.113,8.242
203.0,3591685.11,-1.6,1.601,2.9,4.0,2.385,2.377,9.1,8.233
204.0,3607320.763,-1.6,1.601,2.9,4.0,2.382,2.376,9.094,8.23
205.0,3622883.578,-1.6,1.601,2.9,4.0,2.38,2.371,9.085,8.211
206.0,3638379.618,-1.6,1.601,2.9,4.0,2.376,2.367,9.069,8.201
207.0,3653922.729,-1.622,1.601,2.896,4.0,2.373,2.377,9.06,8.234
208.0,3669493.793,-1.6,1.601,2.9,4.0,2.381,2.386,9.087,8.264
209.0,3685076.259,-1.6,1.601,2.9,4.0,2.391,2.375,9.123,8.226
210.0,3700624.105,-1.6,1.601,2.9,4.0,2.38,2.362,9.082,8.184
211.0,3716088.632,-1.6,1.601,2.9,4.0,2.366,2.375,9.036,8.224
212.0,3731608.479,-1.6,1.601,2.9,4.0,2.38,2.373,9.086,8.216
213.0,3747116.12,-1.6,1.601,2.9,4.0,2.377,2.371,9.075,8.218
214.0,3762675.542,-1.6,1.601,2.9,4.0,2.377,2.381,9.073,8.249
215.0,3778207.477,-1.6,1.601,2.9,4.0,2.385,2.362,9.102,8.185
216.0,3793709.776,-1.6,1.601,2.9,4.0,2.367,2.371,9.038,8.211
217.0,3809202.619,-1.6,1.601,2.9,4.0,2.375,2.37,9.068,8.211
218.0,3824729.035,-1.6,1.601,2.9,4.0,2.376,2.375,9.069,8.225
219.0,3840207.832,-1.6,1.601,2.9,4.0,2.379,2.371,9.08,8.216
220.0,3855658.468,-1.6,1.601,2.9,4.0,2.376,2.367,9.07,8.202
221.0,3871113.577,-1.6,1.601,2.9,4.0,2.371,2.366,9.052,8.196
222.0,3879737.396,-1.6,1.601,2.9,4.0,1.78,1.786,6.689,6.052
223.0,3895291.505,-1.6,1.601,2.9,4.0,2.379,2.368,9.083,8.202
224.0,3910747.888,-1.6,1.601,2.9,4.0,2.373,2.364,9.059,8.189
225.0,3926218.847,-1.6,1.601,2.9,4.0,2.37,2.37,9.047,8.21
226.0,3941656.072,-1.6,1.601,2.9,4.0,2.374,2.358,9.065,8.169
227.0,3957074.196,-1.6,1.601,2.9,4.0,2.361,2.362,9.019,8.181
228.0,3972574.107,-1.6,1.601,2.899,4.0,2.368,2.364,9.044,8.19
229.0,3988040.012,-1.6,1.601,2.9,4.0,2.368,2.369,9.043,8.205
230.0,4003503.635,-1.6,1.601,2.9,4.0,2.374,2.37,9.062,8.209
231.0,4018936.439,-1.6,1.601,2.9,4.0,2.374,2.363,9.064,8.186
232.0,4034356.654,-1.6,1.601,2.9,4.0,2.368,2.362,9.041,8.184
233.0,4049784.971,-1.6,1.601,2.9,4.0,2.366,2.36,9.035,8.176
234.0,4058403.988,-1.6,1.601,2.9,4.0,1.78,1.784,6.691,6.047
235.0,4073909.151,-1.6,1.601,2.9,4.0,2.371,2.358,9.053,8.17
236.0,4089347.842,-1.6,1.601,2.9,4.0,2.364,2.363,9.026,8.187
237.0,4104820.614,-1.6,1.601,2.9,4.0,2.368,2.362,9.04,8.179
238.0,4120246.742,-1.817,1.601,2.9,4.0,2.368,2.382,9.041,8.253
239.0,4135633.858,-1.6,1.601,2.9,4.0,2.387,2.379,9.104,8.245
240.0,4151063.665,-1.6,1.601,2.9,4.001,2.382,2.385,9.085,8.266
241.0,4166485.687,-1.6,1.601,2.9,4.001,2.389,2.383,9.112,8.259
242.0,4181910.46,-1.6,1.601,2.9,4.001,2.387,2.383,9.105,8.259
243.0,4197339.137,-1.6,1.601,2.9,4.0,2.388,2.385,9.106,8.267
244.0,4212736.821,-1.6,1.601,2.9,4.001,2.39,2.38,9.113,8.252
245.0,4221471.405,-1.6,1.601,2.9,4.0,1.805,1.81,6.78,6.138
246.0,4236718.061,-1.6,1.601,2.9,4.0,2.387,2.325,9.107,8.049
247.0,4252224.384,-1.6,1.601,2.9,4.0,2.327,2.303,8.906,7.964
248.0,4267731.593,-1.6,1.601,2.9,4.0,2.308,2.295,8.84,7.932
249.0,4283311.721,-1.6,1.601,2.9,4.0,2.299,2.317,8.81,8.008
250.0,4298792.341,-1.6,1.601,2.9,4.0,2.326,2.338,8.901,8.094
251.0,4314237.862,-1.6,1.601,2.9,4.0,2.344,2.342,8.958,8.11
252.0,4329676.246,-1.6,1.601,2.9,4.0,2.347,2.348,8.971,8.13
253.0,4345110.624,-1.6,1.601,2.897,4.0,2.352,2.349,8.988,8.134
254.0,4360508.243,-1.6,1.601,2.9,4.0,2.353,2.336,8.989,8.089
255.0,4375947.047,-1.6,1.601,2.9,4.0,2.341,2.331,8.949,8.07
256.0,4391406.131,-1.6,1.601,2.9,4.0,2.336,2.338,8.932,8.091
257.0,4406810.489,-1.6,1.601,2.9,4.0,2.343,2.328,8.955,8.057
258.0,4422250.464,-1.6,1.601,2.9,4.0,2.332,2.322,8.918,8.037
259.0,4437697.891,-1.6,1.601,2.9,4.0,2.327,2.318,8.903,8.02
260.0,4453173.177,-1.6,1.601,2.9,4.0,2.323,2.322,8.888,8.03
261.0,4468572.047,-1.6,1.601,2.9,4.0,2.327,2.335,8.903,8.082
262.0,4483991.356,-1.6,1.601,2.9,4.0,2.34,2.339,8.946,8.097
263.0,4499420.543,-1.6,1.601,2.9,4.0,2.344,2.331,8.958,8.069
264.0,4514953.729,-1.6,1.601,2.9,4.0,2.337,2.344,8.936,8.116
265.0,4530393.344,-1.6,1.601,2.9,4.0,2.348,2.34,8.974,8.101
266.0,4545829.265,-1.6,1.601,2.9,4.0,2.344,2.34,8.96,8.103
267.0,4561308.207,-1.6,1.601,2.9,4.0,2.344,2.342,8.959,8.107
268.0,4576719.187,-1.6,1.601,2.9,4.0,2.347,2.338,8.968,8.095
269.0,4592150.97,-1.6,1.601,2.9,4.0,2.343,2.331,8.956,8.068
270.0,4607605.156,-1.6,1.601,2.9,4.0,2.335,2.337,8.929,8.089
271.0,4623018.064,-1.6,1.601,2.9,4.0,2.341,2.316,8.947,8.012
272.0,4638469.284,-1.6,1.601,2.9,4.0,2.32,2.32,8.88,8.026
273.0,4653893.362,-1.6,1.601,2.9,4.0,2.324,2.318,8.893,8.02
274.0,4669307.247,-1.6,1.601,2.9,4.0,2.323,2.315,8.888,8.011
275.0,4684800.995,-1.6,1.601,2.9,4.0,2.32,2.315,8.879,8.014
276.0,4700270.767,-1.6,1.601,2.9,4.0,2.318,2.301,8.873,7.958
277.0,4715807.009,-1.6,1.601,2.9,4.0,2.306,2.319,8.833,8.021
278.0,4731280.032,-1.6,1.601,2.9,4.0,2.324,2.317,8.892,8.015
279.0,4746725.554,-1.6,1.601,2.9,4.0,2.322,2.318,8.884,8.019
280.0,4762192.573,-1.6,1.601,2.9,4.0,2.323,2.315,8.886,8.008
281.0,4777654.889,-1.6,1.601,2.9,4.0,2.32,2.307,8.876,7.979
282.0,4793162.072,-1.6,1.601,2.9,4.0,2.313,2.316,8.854,8.011
283.0,4808592.166,-1.6,1.601,2.9,4.0,2.321,2.314,8.879,8.004
284.0,4824060.64,-1.6,1.601,2.9,4.0,2.319,2.318,8.874,8.019
285.0,4839548.766,-1.6,1.601,2.9,4.0,2.323,2.311,8.888,7.992
286.0,4854977.985,-1.6,1.601,2.9,4.0,2.315,2.299,8.859,7.948
287.0,4870331.029,-1.6,1.601,2.9,4.0,2.305,2.303,8.819,7.963
288.0,4885780.459,-1.6,1.601,2.9,4.0,2.308,2.309,8.837,7.983
289.0,4901284.835,-1.6,1.601,2.9,4.0,2.314,2.313,8.856,7.998
290.0,4916711.933,-1.6,1.601,2.9,4.0,2.319,2.313,8.873,8.004
291.0,4932194.145,-1.6,1.601,2.9,4.0,2.317,2.303,8.868,7.967
292.0,4947648.534,-1.6,1.601,2.9,4.0,2.307,2.298,8.833,7.946
293.0,4963125.326,-1.6,1.601,2.9,4.0,2.303,2.296,8.821,7.939
294.0,4978589.877,-1.6,1.601,2.9,4.0,2.302,2.291,8.816,7.926
295.0,4993993.678,-1.6,1.601,2.9,4.0,2.295,2.296,8.792,7.936
296.0,5009481.191,-1.6,1.601,2.9,4.0,2.301,2.295,8.813,7.936
297.0,5024947.68,-1.6,1.601,2.9,4.0,2.3,2.299,8.809,7.947
298.0,5033167.943,-1.6,1.601,2.9,4.0,1.69,1.696,6.368,5.732
299.0,5048724.608,-1.6,1.601,2.9,4.0,2.31,2.296,8.851,7.936
300.0,5064233.406,-1.6,1.601,2.9,4.0,2.301,2.297,8.814,7.939
301.0,5079700.182,-1.6,1.601,2.9,4.0,2.302,2.28,8.817,7.879
302.0,5095192.052,-1.6,1.601,2.9,4.0,2.285,2.278,8.758,7.871
303.0,5110654.026,-1.6,1.601,2.9,4.0,2.284,2.288,8.756,7.908
304.0,5126145.403,-1.6,1.601,2.9,4.0,2.293,2.285,8.785,7.897
305.0,5141626.628,-1.6,1.601,2.9,4.0,2.29,2.281,8.776,7.88
306.0,5157086.571,-1.6,1.601,2.9,4.0,2.286,2.284,8.762,7.894
307.0,5172609.39,-1.6,1.601,2.9,4.0,2.288,2.278,8.769,7.869
308.0,5188094.939,-1.6,1.601,2.9,4.0,2.283,2.281,8.752,7.881
309.0,5203604.306,-1.6,1.601,2.9,4.0,2.287,2.284,8.763,7.892
310.0,5219114.441,-1.6,1.601,2.9,4.0,2.289,2.281,8.771,7.881
311.0,5234630.271,-1.6,1.601,2.9,4.0,2.286,2.279,8.762,7.878
312.0,5250197.289,-1.6,1.601,2.9,4.0,2.283,2.274,8.754,7.853
313.0,5265681.109,-1.6,1.601,2.9,4.0,2.28,2.296,8.744,7.937
314.0,5281149.034,-1.6,1.601,2.9,4.0,2.301,2.297,8.811,7.944
315.0,5296565.191,-1.6,1.601,2.898,4.0,2.302,2.279,8.815,7.876
316.0,5312049.144,-1.6,1.601,2.9,4.0,2.282,2.275,8.749,7.861
317.0,5327553.66,-1.6,1.601,2.9,4.0,2.28,2.283,8.74,7.887
318.0,5343066.925,-1.6,1.601,2.9,4.0,2.288,2.272,8.767,7.846
319.0,5358510.831,-1.6,1.601,2.9,4.0,2.277,2.275,8.731,7.86
320.0,5374038.052,-1.6,1.601,2.9,4.0,2.28,2.283,8.74,7.885
321.0,5389533.057,-1.6,1.601,2.9,4.0,2.288,2.277,8.766,7.865
322.0,5405021.232,-1.6,1.601,2.9,4.0,2.282,2.278,8.747,7.87
323.0,5420522.451,-1.6,1.601,2.9,4.0,2.283,2.274,8.751,7.856
324.0,5428550.779,-1.6,1.601,2.9,4.0,1.65,1.651,6.221,5.572
325.0,5444077.039,-1.6,1.601,2.9,4.0,2.281,2.266,8.751,7.828
326.0,5452105.827,-1.6,1.601,2.9,4.0,1.644,1.657,6.201,5.593
327.0,5467801.543,-1.6,1.601,2.9,4.0,2.288,2.265,8.777,7.828
328.0,5483310.418,-1.6,1.601,2.9,4.0,2.268,2.267,8.7,7.829
329.0,5498822.042,-1.6,1.601,2.9,4.0,2.272,2.265,8.714,7.823
330.0,5514345.243,-1.6,1.601,2.9,4.0,2.27,2.26,8.705,7.804
331.0,5529872.284,-1.6,1.601,2.899,4.0,2.266,2.268,8.692,7.831
332.0,5545383.855,-1.6,1.601,2.9,4.0,2.273,2.264,8.716,7.817
333.0,5560890.478,-1.6,1.601,2.9,4.0,2.269,2.264,8.703,7.817
334.0,5576406.393,-1.6,1.601,2.9,4.0,2.269,2.267,8.703,7.831
335.0,5591927.174,-1.6,1.601,2.9,4.0,2.273,2.272,8.717,7.848
336.0,5607453.253,-1.6,1.601,2.9,4.0,2.277,2.268,8.729,7.835
337.0,5622986.573,-1.6,1.601,2.9,4.0,2.273,2.263,8.716,7.817
338.0,5638483.792,-1.6,1.601,2.9,4.0,2.269,2.271,8.702,7.845
339.0,5654002.061,-1.6,1.601,2.9,4.0,2.276,2.272,8.727,7.85
340.0,5669461.575,-1.6,1.601,2.9,4.0,2.277,2.269,8.73,7.841
341.0,5684958.845,-1.6,1.601,2.9,4.0,2.273,2.262,8.717,7.814
342.0,5700478.678,-1.6,1.601,2.9,4.0,2.267,2.263,8.698,7.816
343.0,5715999.734,-1.6,1.601,2.9,4.0,2.268,2.262,8.698,7.811
344.0,5723990.375,-1.6,1.601,2.9,4.0,1.636,1.648,6.173,5.562
345.0,5739583.352,-1.6,1.601,2.9,4.0,2.28,2.256,8.747,7.792
346.0,5755117.968,-1.6,1.601,2.9,4.0,2.262,2.26,8.678,7.803
347.0,5770637.82,-1.6,1.601,2.9,4.0,2.264,2.255,8.687,7.786
348.0,5786129.998,-1.6,1.601,2.9,4.0,2.26,2.255,8.672,7.782
349.0,5801625.498,-1.6,1.601,2.9,4.0,2.26,2.258,8.674,7.798
350.0,5817130.504,-1.6,1.601,2.9,4.0,2.263,2.254,8.683,7.782
351.0,5832679.798,-1.6,1.601,2.9,4.0,2.259,2.258,8.669,7.799
352.0,5848211.111,-1.6,1.601,2.9,4.0,2.263,2.254,8.682,7.782
353.0,5863702.14,-1.6,1.601,2.9,4.0,2.258,2.25,8.666,7.767
354.0,5879211.819,-1.6,1.601,2.9,4.0,2.255,2.253,8.655,7.779
355.0,5894727.287,-1.6,1.601,2.9,4.0,2.259,2.254,8.667,7.785
356.0,5910244.081,-1.6,1.601,2.9,4.0,2.258,2.252,8.664,7.775
357.0,5925736.306,-1.6,1.601,2.9,4.0,2.258,2.252,8.664,7.776
358.0,5941241.947,-1.6,1.601,2.9,4.0,2.257,2.249,8.66,7.762
359.0,5956779.761,-1.6,1.601,2.9,4.0,2.254,2.248,8.65,7.758
360.0,5972292.19,-1.6,1.601,2.9,4.0,2.253,2.25,8.647,7.769
361.0,5987769.068,-1.6,1.601,2.9,4.0,2.255,2.248,8.655,7.759
362.0,6003300.801,-1.6,1.601,2.9,4.0,2.253,2.249,8.647,7.767
363.0,6018829.21,-1.6,1.601,2.9,4.0,2.254,2.248,8.649,7.761
364.0,6034326.985,-1.6,1.601,2.9,4.0,2.254,2.247,8.65,7.756
365.0,6049858.822,-1.6,1.601,2.9,4.0,2.252,2.247,8.642,7.758
366.0,6065370.595,-1.6,1.601,2.9,4.0,2.253,2.248,8.645,7.758
367.0,6080850.156,-1.6,1.601,2.9,4.0,2.252,2.243,8.639,7.742
368.0,6096371.73,-1.6,1.601,2.9,4.0,2.249,2.246,8.634,7.752
369.0,6111890.674,-1.6,1.601,2.9,4.0,2.251,2.245,8.64,7.751
370.0,6127380.799,-1.6,1.601,2.9,4.0,2.25,2.243,8.636,7.74
371.0,6142887.596,-1.6,1.601,2.9,4.0,2.248,2.245,8.629,7.749
372.0,6158392.078,-1.6,1.601,2.9,4.0,2.25,2.243,8.636,7.743
373.0,6173902.926,-1.6,1.601,2.9,4.0,2.248,2.244,8.631,7.747
374.0,6189430.207,-1.6,1.601,2.9,4.0,2.25,2.244,8.637,7.745
375.0,6204970.014,-1.6,1.601,2.9,4.0,2.248,2.244,8.632,7.746
376.0,6220464.897,-1.6,1.601,2.9,4.0,2.249,2.237,8.631,7.719
377.0,6235996.91,-1.6,1.601,2.9,4.0,2.241,2.237,8.607,7.718
378.0,6251489.231,-1.6,1.601,2.9,4.0,2.243,2.239,8.612,7.73
379.0,6267070.636,-1.6,1.601,2.9,4.0,2.245,2.246,8.619,7.752
380.0,6282573.342,-1.6,1.601,2.9,4.0,2.251,2.238,8.639,7.726
381.0,6298099.239,-1.6,1.601,2.9,4.0,2.243,2.24,8.614,7.733
382.0,6313593.035,-1.6,1.601,2.9,4.0,2.245,2.232,8.618,7.703
383.0,6329132.407,-1.6,1.601,2.9,4.0,2.238,2.241,8.595,7.734
384.0,6344659.494,-1.6,1.601,2.9,4.0,2.246,2.236,8.622,7.717
385.0,6360175.101,-1.6,1.601,2.9,4.0,2.241,2.239,8.606,7.73
386.0,6375646.629,-1.6,1.601,2.9,4.0,2.244,2.235,8.615,7.712
387.0,6391139.291,-1.6,1.601,2.9,4.0,2.24,2.238,8.6,7.726
388.0,6406726.535,-1.6,1.601,2.9,4.0,2.243,2.241,8.613,7.735
389.0,6422255.731,-1.6,1.601,2.9,4.0,2.246,2.237,8.624,7.722
390.0,6437789.051,-1.6,1.601,2.9,4.0,2.241,2.238,8.606,7.722
391.0,6453277.0,-1.6,1.601,2.9,4.0,2.243,2.242,8.612,7.739
392.0,6468793.561,-1.6,1.601,2.9,4.0,2.248,2.239,8.626,7.735
393.0,6484335.57,-1.6,1.601,2.9,4.0,2.243,2.234,8.615,7.707
394.0,6499850.975,-1.6,1.601,2.9,4.0,2.239,2.23,8.599,7.694
395.0,6515394.028,-1.6,1.601,2.9,4.0,2.235,2.23,8.585,7.693
396.0,6530915.113,-1.6,1.601,2.9,4.0,2.235,2.228,8.583,7.687
397.0,6546413.984,-1.6,1.601,2.9,4.0,2.233,2.23,8.576,7.694
398.0,6561902.926,-1.6,1.601,2.9,4.0,2.236,2.231,8.585,7.698
399.0,6577442.786,-1.6,1.601,2.9,4.0,2.237,2.233,8.589,7.705
400.0,6592982.461,-1.616,1.601,2.896,4.0,2.238,2.233,8.594,7.706
401.0,6608499.955,-1.6,1.601,2.9,4.078,2.237,2.229,8.591,7.691
402.0,6624023.158,-1.6,1.601,2.9,4.0,2.235,2.238,8.584,7.725
403.0,6639536.511,-1.6,1.601,2.9,4.0,2.243,2.232,8.608,7.704
404.0,6655070.084,-1.6,1.601,2.9,4.0,2.236,2.236,8.589,7.716
405.0,6670604.638,-1.6,1.601,2.9,4.0,2.241,2.232,8.603,7.704
406.0,6686120.074,-1.6,1.601,2.9,4.0,2.237,2.229,8.583,7.687
407.0,6701614.114,-1.6,1.601,2.9,4.0,2.233,2.228,8.577,7.685
408.0,6717071.247,-1.6,1.601,2.9,4.0,2.234,2.234,8.579,7.71
409.0,6732588.418,-1.6,1.601,2.9,4.0,2.239,2.237,8.595,7.72
410.0,6748083.219,-1.6,1.601,2.9,4.0,2.242,2.241,8.608,7.736
411.0,6763613.147,-1.6,1.601,2.9,4.0,2.245,2.229,8.616,7.69
412.0,6779140.748,-1.6,1.601,2.9,4.0,2.234,2.229,8.579,7.69
413.0,6794618.874,-1.6,1.601,2.9,4.0,2.233,2.222,8.575,7.667
414.0,6810066.928,-1.6,1.601,2.9,4.0,2.227,2.221,8.556,7.664
415.0,6825578.99,-1.6,1.601,2.9,4.0,2.226,2.225,8.552,7.676
416.0,6833388.86,-1.6,1.601,2.9,4.0,1.593,1.61,6.019,5.428
417.0,6849003.487,-1.6,1.601,2.9,4.0,2.249,2.222,8.638,7.665
418.0,6864507.748,-1.6,1.601,2.9,4.0,2.227,2.219,8.557,7.655
419.0,6880076.61,-1.6,1.601,2.9,4.0,2.225,2.226,8.55,7.684
420.0,6895537.174,-1.6,1.601,2.9,4.0,2.229,2.228,8.564,7.686
421.0,6911022.878,-1.6,1.601,2.9,4.0,2.233,2.221,8.574,7.662
422.0,6926573.913,-1.6,1.601,2.9,4.0,2.226,2.219,8.553,7.655
423.0,6942075.172,-1.6,1.601,2.9,4.0,2.224,2.219,8.546,7.653
424.0,6957606.992,-1.6,1.601,2.9,4.0,2.224,2.224,8.546,7.672
425.0,6965415.254,-1.6,1.601,2.9,4.0,1.592,1.611,6.014,5.43
426.0,6981074.639,-1.6,1.601,2.9,4.0,2.248,2.232,8.636,7.701
427.0,6996519.008,-1.6,1.601,2.9,4.0,2.238,2.226,8.59,7.684
428.0,7012065.745,-1.6,1.601,2.9,4.0,2.23,2.217,8.566,7.649
429.0,7027612.249,-1.6,1.601,2.9,4.0,2.222,2.21,8.538,7.619
430.0,7043156.744,-1.6,1.601,2.9,4.0,2.214,2.206,8.511,7.605
431.0,7058732.304,-1.6,1.601,2.9,4.0,2.213,2.224,8.506,7.675
432.0,7074223.666,-1.6,1.601,2.9,4.0,2.229,2.225,8.562,7.677
433.0,7089727.27,-1.6,1.601,2.9,4.0,2.229,2.219,8.562,7.653
434.0,7105221.334,-1.6,1.601,2.9,4.0,2.223,2.215,8.542,7.64
435.0,7112952.801,-1.6,1.601,2.9,4.0,1.576,1.593,5.954,5.366
436.0,7128598.235,-1.6,1.601,2.9,4.0,2.238,2.211,8.6,7.624
437.0,7144098.686,-1.6,1.601,2.9,4.0,2.218,2.215,8.523,7.641
438.0,7159569.486,-1.6,1.601,2.9,4.0,2.219,2.207,8.527,7.61
439.0,7175084.294,-1.6,1.601,2.9,4.0,2.212,2.207,8.503,7.61
440.0,7190581.452,-1.6,1.601,2.9,4.0,2.212,2.208,8.504,7.614
441.0,7206099.209,-1.6,1.601,2.9,4.0,2.213,2.204,8.507,7.597
442.0,7221632.897,-1.6,1.601,2.9,4.0,2.207,2.202,8.487,7.588
443.0,7237086.365,-1.6,1.601,2.9,4.0,2.21,2.215,8.494,7.642
444.0,7252502.079,-1.6,1.601,2.9,4.0,2.22,2.215,8.531,7.641
445.0,7267978.992,-1.6,1.601,2.9,4.0,2.219,2.21,8.526,7.623
446.0,7283456.935,-1.6,1.601,2.9,4.0,2.216,2.212,8.519,7.631
447.0,7298957.684,-1.6,1.601,2.9,4.0,2.215,2.202,8.514,7.591
448.0,7314460.424,-1.6,1.601,2.9,4.0,2.206,2.2,8.484,7.583
449.0,7329957.762,-1.6,1.601,2.9,4.0,2.204,2.203,8.477,7.595
450.0,7345446.985,-1.6,1.601,2.9,4.0,2.208,2.196,8.488,7.569
451.0,7360978.91,-1.6,1.601,2.9,4.0,2.2,2.199,8.462,7.58
452.0,7376493.712,-1.6,1.601,2.9,4.0,2.205,2.204,8.479,7.599
453.0,7391977.613,-1.6,1.601,2.9,4.0,2.209,2.201,8.492,7.589
454.0,7407490.111,-1.6,1.601,2.9,4.0,2.205,2.193,8.479,7.561
455.0,7422982.123,-1.6,1.601,2.9,4.0,2.199,2.193,8.457,7.561
456.0,7438469.684,-1.6,1.601,2.9,4.0,2.198,2.19,8.455,7.548
457.0,7453980.931,-1.6,1.601,2.9,4.0,2.195,2.187,8.444,7.536
458.0,7469488.46,-1.6,1.601,2.9,4.0,2.193,2.199,8.436,7.581
459.0,7484984.504,-1.6,1.601,2.9,4.0,2.205,2.203,8.479,7.596
460.0,7500508.966,-1.6,1.601,2.9,4.0,2.208,2.213,8.486,7.635
461.0,7515939.051,-1.6,1.601,2.9,4.0,2.218,2.201,8.521,7.593
462.0,7531440.25,-1.6,1.601,2.9,4.0,2.205,2.193,8.478,7.561
463.0,7546946.417,-1.6,1.601,2.9,4.0,2.197,2.188,8.451,7.541
464.0,7562481.169,-1.6,1.601,2.9,4.0,2.193,2.189,8.437,7.545
465.0,7577965.55,-1.6,1.601,2.9,4.0,2.195,2.202,8.445,7.595
466.0,7593428.872,-1.6,1.601,2.9,4.0,2.208,2.206,8.488,7.609
467.0,7608926.134,-1.6,1.601,2.9,4.0,2.21,2.209,8.493,7.616
468.0,7624430.416,-1.6,1.601,2.9,4.0,2.213,2.201,8.505,7.591
469.0,7639915.607,-1.6,1.601,2.9,4.0,2.205,2.192,8.477,7.556
470.0,7655447.98,-1.6,1.601,2.9,4.0,2.196,2.193,8.448,7.564
471.0,7670945.549,-1.6,1.601,2.9,4.0,2.199,2.198,8.457,7.579
472.0,7686399.707,-1.6,1.601,2.9,4.0,2.203,2.199,8.469,7.585
473.0,7701863.355,-1.6,1.601,2.9,4.0,2.204,2.199,8.475,7.584
474.0,7717320.407,-1.6,1.601,2.9,4.0,2.204,2.197,8.474,7.578
475.0,7732797.566,-1.6,1.601,2.9,4.0,2.201,2.183,8.463,7.522
476.0,7748265.474,-1.6,1.601,2.9,4.0,2.188,2.179,8.417,7.506
477.0,7763818.29,-1.6,1.601,2.9,4.0,2.183,2.177,8.402,7.498
478.0,7779314.753,-1.6,1.601,2.9,4.0,2.184,2.178,8.404,7.504
479.0,7794813.035,-1.6,1.601,2.9,4.0,2.183,2.176,8.402,7.494
480.0,7810289.881,-1.6,1.601,2.9,4.0,2.182,2.188,8.396,7.542
481.0,7825794.167,-1.6,1.601,2.9,4.0,2.193,2.188,8.437,7.543
482.0,7840547.742,-1.6,1.601,2.887,4.0,2.193,1.854,8.436,6.506
483.0,7855068.875,-1.6,1.601,2.9,4.0,1.861,2.187,7.21,7.539
484.0,7870557.639,-1.6,1.601,2.9,4.0,2.191,2.175,8.428,7.494
485.0,7886164.89,-1.6,1.601,2.9,4.0,2.183,2.185,8.404,7.54
486.0,7901678.266,-1.6,1.601,2.9,4.0,2.187,2.186,8.418,7.536
487.0,7917140.443,-1.6,1.601,2.9,4.0,2.191,2.18,8.429,7.511
488.0,7924676.988,-1.6,1.601,2.9,4.0,1.53,1.552,5.791,5.221
489.0,7940304.969,-1.6,1.601,2.9,4.0,2.206,2.177,8.49,7.501
490.0,7955816.057,-1.6,1.601,2.9,4.0,2.182,2.174,8.399,7.492
491.0,7971342.996,-1.6,1.601,2.9,4.0,2.179,2.169,8.388,7.47
492.0,7986838.286,-1.6,1.601,2.9,4.0,2.175,2.18,8.374,7.512
493.0,8002314.17,-1.6,1.601,2.9,4.0,2.185,2.176,8.41,7.499
494.0,8017819.31,-1.6,1.601,2.9,4.0,2.182,2.188,8.394,7.541
495.0,8033299.099,-1.6,1.601,2.899,4.0,2.194,2.189,8.439,7.546
496.0,8048775.558,-1.6,1.601,2.9,4.0,2.193,2.187,8.435,7.54
497.0,8064255.937,-1.6,1.601,2.897,4.0,2.192,2.187,8.432,7.537
498.0,8079735.273,-1.6,1.601,2.9,4.0,2.193,2.197,8.434,7.577
499.0,8095163.581,-1.6,1.601,2.9,4.0,2.201,2.196,8.462,7.573
500.0,8110610.34,-1.6,1.601,2.9,4.0,2.2,2.188,8.459,7.543
501.0,8126082.851,-1.6,1.601,2.9,4.0,2.194,2.192,8.435,7.559
502.0,8141529.358,-1.6,1.601,2.9,4.0,2.197,2.189,8.449,7.547
503.0,8157001.703,-1.6,1.601,2.9,4.0,2.193,2.182,8.434,7.522
504.0,8172507.12,-1.6,1.601,2.9,4.0,2.187,2.18,8.413,7.515
505.0,8187970.887,-1.6,1.601,2.9,4.0,2.186,2.189,8.408,7.546
506.0,8203435.497,-1.6,1.601,2.9,4.0,2.194,2.183,8.438,7.524
507.0,8218914.199,-1.6,1.601,2.9,4.0,2.187,2.175,8.413,7.494
508.0,8234392.898,-1.6,1.601,2.9,4.0,2.179,2.167,8.385,7.466
509.0,8249886.833,-1.6,1.601,2.9,4.0,2.171,2.159,8.361,7.433
510.0,8265310.174,-1.6,1.601,2.9,4.0,2.165,2.17,8.337,7.473
511.0,8280801.749,-1.6,1.601,2.9,4.0,2.175,2.171,8.372,7.481
512.0,8296246.106,-1.6,1.601,2.9,4.0,2.177,2.165,8.379,7.459
513.0,8311732.744,-1.6,1.601,2.9,4.0,2.17,2.159,8.355,7.435
514.0,8327239.108,-1.6,1.601,2.9,4.0,2.164,2.16,8.335,7.436
515.0,8342732.138,-1.6,1.601,2.9,4.0,2.166,2.166,8.343,7.461
516.0,8358212.719,-1.6,1.601,2.9,4.0,2.17,2.168,8.358,7.47
517.0,8373651.162,-1.6,1.601,2.9,4.0,2.174,2.169,8.367,7.471
518.0,8389089.799,-1.6,1.601,2.9,4.0,2.174,2.166,8.368,7.462
519.0,8404548.004,-1.6,1.601,2.9,4.0,2.171,2.163,8.357,7.45
520.0,8420000.459,-1.6,1.601,2.9,4.0,2.168,2.159,8.347,7.437
521.0,8435492.165,-1.6,1.601,2.9,4.0,2.165,2.164,8.337,7.455
522.0,8450935.629,-1.6,1.601,2.9,4.0,2.169,2.161,8.351,7.444
523.0,8466410.78,-1.6,1.601,2.9,4.0,2.166,2.166,8.342,7.463
524.0,8481816.964,-1.6,1.601,2.9,4.0,2.175,2.169,8.36,7.475
525.0,8497188.479,-1.6,1.601,2.9,4.0,2.174,2.168,8.367,7.471
526.0,8512638.299,-1.6,1.601,2.9,4.0,2.173,2.166,8.366,7.462
527.0,8528060.711,-1.6,1.601,2.9,4.0,2.171,2.168,8.358,7.469
528.0,8543501.801,-1.6,1.601,2.9,4.0,2.172,2.164,8.36,7.455
529.0,8558939.857,-1.6,1.601,2.9,4.0,2.169,2.168,8.351,7.468
530.0,8574373.495,-1.6,1.601,2.9,4.0,2.172,2.168,8.362,7.471
531.0,8589806.362,-1.6,1.601,2.9,4.0,2.173,2.167,8.366,7.466
532.0,8605250.577,-1.6,1.601,2.9,4.0,2.172,2.169,8.362,7.473
533.0,8620690.531,-1.6,1.601,2.9,4.0,2.173,2.165,8.365,7.458
534.0,8636125.739,-1.6,1.601,2.9,4.0,2.169,2.163,8.351,7.451
535.0,8643619.215,-1.6,1.601,2.9,4.0,1.516,1.547,5.739,5.204
536.0,8659179.36,-1.6,1.601,2.9,4.0,2.2,2.165,8.466,7.46
537.0,8674619.362,-1.6,1.601,2.9,4.0,2.17,2.171,8.355,7.481
538.0,8690046.631,-1.6,1.601,2.899,4.0,2.176,2.174,8.374,7.491
539.0,8705505.466,-1.6,1.601,2.9,4.0,2.178,2.158,8.378,7.431
540.0,8721014.118,-1.6,1.601,2.9,4.0,2.164,2.167,8.332,7.464
541.0,8736445.239,-1.6,1.601,2.9,4.0,2.174,2.171,8.365,7.481
542.0,8751871.052,-1.6,1.601,2.9,4.0,2.176,2.166,8.372,7.465
543.0,8767355.121,-1.6,1.601,2.898,4.0,2.171,2.164,8.355,7.454
544.0,8782760.728,-1.6,1.601,2.9,4.0,2.168,2.16,8.347,7.441
545.0,8798209.373,-1.6,1.601,2.9,4.0,2.165,2.163,8.335,7.453
546.0,8813648.023,-1.6,1.601,2.9,4.0,2.169,2.167,8.351,7.468
547.0,8821172.127,-1.6,1.601,2.9,4.0,1.524,1.553,5.767,5.218
548.0,8836740.86,-1.6,1.601,2.9,4.0,2.201,2.159,8.47,7.439
549.0,8852159.1,-1.6,1.601,2.9,4.0,2.164,2.152,8.333,7.41
550.0,8867607.576,-1.6,1.601,2.9,4.0,2.157,2.154,8.31,7.417
551.0,8883006.63,-1.6,1.601,2.9,4.0,2.158,2.155,8.312,7.421
552.0,8898387.068,-1.6,1.601,2.9,4.0,2.161,2.15,8.321,7.405
553.0,8913816.641,-1.6,1.601,2.9,4.0,2.153,2.14,8.294,7.367
554.0,8929270.522,-1.6,1.601,2.9,4.0,2.145,2.134,8.267,7.342
555.0,8944748.999,-1.6,1.601,2.9,4.0,2.138,2.128,8.245,7.317
556.0,8960212.332,-1.6,1.601,2.9,4.0,2.133,2.134,8.227,7.341
557.0,8975662.014,-1.6,1.601,2.9,4.0,2.139,2.139,8.248,7.361
558.0,8991101.026,-1.6,1.601,2.9,4.0,2.143,2.137,8.262,7.353
559.0,9006565.629,-1.6,1.601,2.9,4.0,2.141,2.131,8.254,7.333
560.0,9022050.372,-1.6,1.601,2.9,4.0,2.136,2.127,8.237,7.315
561.0,9037582.812,-1.6,1.601,2.9,4.0,2.132,2.13,8.222,7.327
562.0,9053089.586,-1.6,1.601,2.9,4.0,2.136,2.139,8.237,7.361
563.0,9060397.236,-1.6,1.601,2.9,4.0,1.478,1.503,5.599,5.047
564.0,9075967.766,-1.6,1.601,2.9,4.0,2.169,2.129,8.36,7.325
565.0,9091508.372,-1.6,1.601,2.9,4.0,2.134,2.158,8.23,7.419
566.0,9107052.679,-1.6,1.601,2.9,4.0,2.162,2.125,8.333,7.308
567.0,9122544.411,-1.6,1.601,2.9,4.0,2.129,2.125,8.213,7.31
568.0,9138016.127,-1.6,1.601,2.9,4.0,2.131,2.129,8.22,7.323
569.0,9153464.947,-1.6,1.601,2.9,4.0,2.134,2.124,8.228,7.306
570.0,9168941.213,-1.6,1.601,2.9,4.0,2.129,2.12,8.211,7.292
571.0,9184417.713,-1.6,1.601,2.9,4.0,2.125,2.117,8.198,7.278
572.0,9199884.399,-1.6,1.601,2.9,4.0,2.121,2.112,8.185,7.26
573.0,9215385.535,-1.6,1.601,2.9,4.0,2.118,2.125,8.174,7.306
574.0,9222603.169,-1.6,1.601,2.899,4.0,1.458,1.483,5.527,4.975
575.0,9238293.031,-1.6,1.601,2.9,4.0,2.156,2.122,8.317,7.297
576.0,9253790.747,-1.6,1.601,2.9,4.0,2.127,2.122,8.205,7.296
577.0,9269272.255,-1.6,1.601,2.9,4.0,2.126,2.114,8.203,7.269
578.0,9284757.928,-1.6,1.601,2.9,4.0,2.119,2.109,8.177,7.248
579.0,9300298.055,-1.6,1.601,2.9,4.0,2.115,2.118,8.166,7.283
580.0,9315739.018,-1.6,1.601,2.9,4.0,2.123,2.124,8.19,7.308
581.0,9331146.775,-1.6,1.601,2.9,4.0,2.13,2.127,8.215,7.321
582.0,9346595.602,-1.6,1.601,2.9,4.0,2.132,2.124,8.222,7.308
583.0,9362041.857,-1.6,1.601,2.9,4.0,2.129,2.117,8.21,7.282
584.0,9377529.199,-1.6,1.601,2.9,4.0,2.122,2.123,8.189,7.303
585.0,9392938.608,-1.6,1.601,2.9,4.0,2.129,2.125,8.209,7.312
586.0,9408335.773,-1.6,1.601,2.9,4.0,2.131,2.13,8.215,7.333
587.0,9423708.041,-1.6,1.601,2.9,4.0,2.136,2.127,8.233,7.32
588.0,9439064.224,-1.6,1.601,2.9,4.0,2.131,2.117,8.217,7.281
589.0,9454519.818,-1.6,1.601,2.9,4.0,2.121,2.109,8.184,7.251
590.0,9461642.262,-1.6,1.601,2.9,4.0,1.435,1.463,5.443,4.906
591.0,9477296.482,-1.6,1.601,2.9,4.0,2.144,2.119,8.275,7.286
592.0,9492725.747,-1.6,1.601,2.9,4.0,2.124,2.12,8.192,7.289
593.0,9508141.19,-1.6,1.601,2.9,4.0,2.126,2.12,8.198,7.292
594.0,9523579.827,-1.6,1.601,2.9,4.0,2.125,2.115,8.196,7.275
595.0,9539021.705,-1.6,1.601,2.9,4.0,2.12,2.112,8.178,7.262
596.0,9554527.456,-1.6,1.601,2.9,4.0,2.117,2.122,8.17,7.298
597.0,9569949.321,-1.6,1.601,2.9,4.0,2.128,2.123,8.205,7.303
598.0,9585379.12,-1.6,1.601,2.9,4.0,2.128,2.118,8.205,7.285
599.0,9600798.856,-1.6,1.601,2.9,4.0,2.124,2.121,8.19,7.297
600.0,9616226.199,-1.6,1.601,2.9,4.0,2.127,2.121,8.201,7.297
601.0,9631650.044,-1.6,1.601,2.9,4.0,2.125,2.119,8.197,7.288
602.0,9647139.905,-1.6,1.601,2.9,4.0,2.125,2.128,8.196,7.324
603.0,9662530.018,-1.6,1.601,2.9,4.0,2.132,2.122,8.22,7.303
604.0,9677959.442,-1.6,1.601,2.9,4.0,2.127,2.118,8.202,7.286
605.0,9693392.72,-1.6,1.601,2.9,4.0,2.122,2.118,8.187,7.286
606.0,9708818.121,-1.6,1.601,2.9,4.0,2.123,2.115,8.184,7.277
607.0,9724262.834,-1.6,1.601,2.9,4.0,2.12,2.115,8.179,7.275
608.0,9739642.176,-1.6,1.601,2.9,4.0,2.12,2.111,8.178,7.262
609.0,9746802.228,-1.6,1.601,2.9,4.0,1.442,1.473,5.469,4.942
610.0,9762396.064,-1.6,1.601,2.9,4.0,2.148,2.112,8.288,7.262
611.0,9777837.37,-1.6,1.601,2.9,4.0,2.117,2.115,8.169,7.273
612.0,9793253.558,-1.6,1.601,2.9,4.0,2.12,2.115,8.178,7.274
613.0,9808669.919,-1.6,1.601,2.9,4.0,2.12,2.116,8.176,7.277
614.0,9824081.292,-1.6,1.601,2.9,4.0,2.12,2.111,8.178,7.258
615.0,9839529.684,-1.6,1.601,2.9,4.0,2.115,2.109,8.161,7.252
616.0,9854962.964,-1.6,1.601,2.9,4.0,2.114,2.11,8.158,7.257
617.0,9870389.278,-1.6,1.601,2.9,4.0,2.116,2.113,8.162,7.267
618.0,9877572.145,-1.6,1.601,2.9,4.0,1.448,1.477,5.489,4.958
619.0,9893168.054,-1.6,1.601,2.9,4.0,2.148,2.115,8.287,7.275
620.0,9908552.049,-1.6,1.601,2.9,4.0,2.12,2.11,8.177,7.255
621.0,9923930.487,-1.6,1.601,2.9,4.0,2.115,2.114,8.16,7.269
622.0,9939262.724,-1.6,1.601,2.9,4.0,2.12,2.122,8.174,7.299
623.0,9954649.264,-1.6,1.601,2.9,4.0,2.126,2.12,8.198,7.293
624.0,9970036.802,-1.6,1.601,2.9,4.0,2.125,2.116,8.192,7.278
625.0,9985460.444,-1.6,1.601,2.9,4.0,2.121,2.119,8.178,7.288
626.0,9992702.038,-1.6,1.601,2.9,4.0,1.462,1.489,5.542,5.0
627.0,10008294.523,-1.6,1.601,2.9,4.0,2.152,2.116,8.3,7.277
628.0,10023690.449,-1.6,1.601,2.9,4.0,2.12,2.108,8.178,7.249
629.0,10039094.469,-1.6,1.601,2.9,4.0,2.113,2.112,8.153,7.265
630.0,10054487.969,-1.6,1.601,2.9,4.0,2.117,2.105,8.165,7.238
631.0,10069928.494,-1.6,1.601,2.9,4.0,2.109,2.107,8.14,7.243
632.0,10085321.578,-1.6,1.601,2.9,4.0,2.113,2.119,8.151,7.289
633.0,10100719.662,-1.6,1.601,2.9,4.0,2.123,2.11,8.186,7.257
634.0,10116081.866,-1.6,1.601,2.9,4.0,2.116,2.118,8.162,7.284
635.0,10131418.096,-1.6,1.601,2.9,4.0,2.122,2.115,8.183,7.275
636.0,10146779.939,-1.6,1.601,2.9,4.0,2.119,2.112,8.173,7.265
637.0,10162165.464,-1.6,1.601,2.9,4.0,2.117,2.118,8.166,7.287
638.0,10177557.078,-1.6,1.601,2.9,4.0,2.123,2.114,8.185,7.274
639.0,10192946.038,-1.6,1.601,2.9,4.0,2.119,2.108,8.172,7.251
640.0,10208314.273,-1.6,1.601,2.9,4.0,2.114,2.113,8.153,7.269
641.0,10223671.956,-1.6,1.601,2.9,4.0,2.118,2.114,8.169,7.271
642.0,10239036.473,-1.6,1.601,2.9,4.0,2.119,2.112,8.171,7.264
643.0,10254357.95,-1.6,1.601,2.9,4.0,2.116,2.107,8.162,7.245
644.0,10269750.91,-1.6,1.601,2.9,4.0,2.112,2.113,8.148,7.268
645.0,10285116.97,-1.6,1.601,2.9,4.0,2.117,2.11,8.167,7.259
646.0,10300484.621,-1.6,1.601,2.9,4.0,2.116,2.131,8.163,7.328
647.0,10315784.391,-1.6,1.601,2.9,4.0,2.136,2.103,8.229,7.237
648.0,10331116.307,-1.6,1.601,2.9,4.0,2.106,2.103,8.129,7.234
649.0,10346457.631,-1.6,1.601,2.9,4.0,2.108,2.103,8.133,7.232
650.0,10361850.744,-1.6,1.601,2.9,4.0,2.107,2.099,8.133,7.216
651.0,10377196.575,-1.6,1.601,2.9,4.0,2.104,2.104,8.121,7.236
652.0,10392565.393,-1.6,1.601,2.9,4.0,2.108,2.104,8.136,7.236
653.0,10407944.59,-1.6,1.601,2.9,4.0,2.109,2.108,8.137,7.249
654.0,10423252.935,-1.6,1.601,2.9,4.0,2.112,2.101,8.149,7.224
655.0,10438589.035,-1.6,1.601,2.9,4.0,2.106,2.107,8.127,7.246
656.0,10453954.207,-1.6,1.601,2.9,4.0,2.112,2.108,8.148,7.254
657.0,10461128.412,-1.6,1.601,2.9,4.0,1.448,1.473,5.49,4.947
658.0,10476674.411,-1.6,1.601,2.9,4.0,2.139,2.104,8.254,7.236
659.0,10492017.373,-1.6,1.601,2.9,4.0,2.11,2.106,8.139,7.244
660.0,10507281.523,-1.6,1.601,2.899,4.0,2.11,2.108,8.138,7.246
661.0,10522566.072,-1.6,1.601,2.9,4.0,2.114,2.101,8.153,7.227
662.0,10537896.745,-1.6,1.601,2.9,4.0,2.105,2.105,8.123,7.24
663.0,10553227.261,-1.6,1.601,2.9,4.0,2.11,2.106,8.141,7.244
664.0,10568556.837,-1.6,1.601,2.9,4.0,2.111,2.108,8.143,7.251
665.0,10583873.059,-1.6,1.601,2.9,4.0,2.113,2.108,8.15,7.251
666.0,10599158.908,-1.6,1.601,2.9,4.0,2.113,2.101,8.151,7.229
667.0,10614436.494,-1.6,1.601,2.898,4.0,2.104,2.098,8.121,7.213
668.0,10629771.079,-1.6,1.601,2.9,4.0,2.102,2.09,8.113,7.185
669.0,10636813.193,-1.6,1.601,2.897,4.0,1.419,1.444,5.384,4.84
670.0,10652380.195,-1.6,1.601,2.9,4.0,2.119,2.076,8.185,7.13
671.0,10667782.036,-1.6,1.601,2.9,4.0,2.081,2.071,8.041,7.11
672.0,10683165.559,-1.6,1.601,2.9,4.0,2.076,2.077,8.026,7.135
673.0,10690159.744,-1.6,1.601,2.9,4.0,1.405,1.437,5.334,4.814
674.0,10705737.665,-1.6,1.601,2.9,4.0,2.116,2.08,8.178,7.149
675.0,10721092.287,-1.6,1.601,2.9,4.0,2.085,2.075,8.056,7.127
676.0,10736490.941,-1.6,1.601,2.9,4.0,2.079,2.07,8.034,7.108
677.0,10751887.863,-1.6,1.601,2.9,4.0,2.075,2.064,8.019,7.086
678.0,10767385.95,-1.6,1.601,2.9,4.0,2.071,2.083,8.007,7.158
679.0,10782762.736,-1.6,1.601,2.9,4.0,2.089,2.085,8.067,7.166
680.0,10798051.284,-1.6,1.601,2.9,4.0,2.09,2.087,8.073,7.167
681.0,10813366.169,-1.6,1.601,2.9,4.0,2.091,2.075,8.074,7.129
682.0,10828736.607,-1.6,1.601,2.9,4.0,2.079,2.066,8.033,7.095
683.0,10844144.199,-1.6,1.601,2.9,4.0,2.071,2.063,8.005,7.083
684.0,10859476.409,-1.6,1.601,2.9,4.0,2.07,2.08,8.001,7.147
685.0,10874814.086,-1.6,1.601,2.9,4.0,2.086,2.087,8.056,7.18
686.0,10890135.384,-1.6,1.601,2.9,4.0,2.092,2.082,8.079,7.156
687.0,10905539.89,-1.6,1.601,2.9,4.0,2.086,2.105,8.058,7.231
688.0,10920953.538,-1.6,1.601,2.9,4.0,2.11,2.076,8.145,7.131
689.0,10936333.753,-1.6,1.601,2.9,4.0,2.08,2.078,8.037,7.14
690.0,10951663.9,-1.6,1.601,2.9,4.0,2.084,2.084,8.051,7.161
691.0,10967008.802,-1.6,1.601,2.9,4.0,2.089,2.083,8.066,7.157
692.0,10982317.484,-1.6,1.601,2.9,4.0,2.087,2.082,8.061,7.157
693.0,10989326.749,-1.6,1.601,2.9,4.0,1.41,1.438,5.353,4.82
694.0,11004851.59,-1.6,1.601,2.9,4.0,2.115,2.074,8.17,7.127
695.0,11020205.62,-1.6,1.601,2.9,4.0,2.079,2.075,8.034,7.127
696.0,11035536.448,-1.6,1.601,2.9,4.0,2.081,2.085,8.038,7.167
697.0,11050835.593,-1.6,1.601,2.9,4.0,2.09,2.078,8.069,7.141
698.0,11066162.555,-1.6,1.601,2.9,4.0,2.084,2.081,8.05,7.152
699.0,11073179.802,-1.6,1.601,2.9,4.0,1.409,1.442,5.35,4.835
700.0,11088684.122,-1.6,1.601,2.9,4.0,2.118,2.077,8.181,7.137
701.0,11104037.368,-1.6,1.601,2.9,4.0,2.083,2.077,8.044,7.136
702.0,11111024.895,-1.6,1.601,2.9,4.0,1.402,1.436,5.322,4.813
703.0,11126550.568,-1.6,1.601,2.9,4.0,2.116,2.077,8.176,7.136
704.0,11141868.08,-1.6,1.601,2.9,4.0,2.083,2.074,8.045,7.126
705.0,11157190.431,-1.6,1.601,2.9,4.0,2.079,2.077,8.033,7.137
706.0,11172494.145,-1.6,1.601,2.9,4.0,2.082,2.074,8.04,7.127
707.0,11187812.954,-1.6,1.601,2.9,4.0,2.08,2.079,8.033,7.142
708.0,11203110.517,-1.6,1.601,2.9,4.0,2.085,2.077,8.05,7.138
709.0,11218346.781,-1.6,1.601,2.9,4.0,2.08,2.071,8.033,7.111
710.0,11233653.608,-1.6,1.601,2.9,4.0,2.076,2.063,8.02,7.086
711.0,11248943.929,-1.6,1.601,2.9,4.0,2.068,2.069,7.996,7.106
712.0,11264208.719,-1.6,1.601,2.9,4.0,2.074,2.07,8.014,7.112
713.0,11279546.741,-1.6,1.601,2.9,4.0,2.074,2.069,8.013,7.106
714.0,11294861.094,-1.6,1.601,2.9,4.0,2.075,2.074,8.015,7.123
715.0,11310156.283,-1.6,1.601,2.9,4.0,2.079,2.07,8.031,7.112
716.0,11325462.472,-1.6,1.601,2.9,4.0,2.075,2.073,8.017,7.121
717.0,11340760.339,-1.6,1.601,2.9,4.0,2.078,2.073,8.028,7.121
718.0,11356058.326,-1.6,1.601,2.9,4.0,2.078,2.075,8.026,7.13
719.0,11371325.324,-1.6,1.601,2.9,4.0,2.08,2.078,8.035,7.143
720.0,11386613.824,-1.6,1.601,2.9,4.0,2.082,2.07,8.042,7.112
721.0,11401942.773,-1.6,1.601,2.9,4.0,2.075,2.076,8.019,7.133
722.0,11417277.053,-1.6,1.601,2.9,4.0,2.081,2.073,8.038,7.123
723.0,11432546.915,-1.6,1.601,2.9,4.0,2.077,2.074,8.025,7.129
724.0,11447857.163,-1.6,1.601,2.9,4.0,2.079,2.067,8.03,7.103
725.0,11454816.633,-1.6,1.601,2.9,4.0,1.398,1.428,5.309,4.785
726.0,11470286.916,-1.6,1.601,2.9,4.0,2.102,2.07,8.124,7.11
727.0,11485614.769,-1.6,1.601,2.9,4.0,2.075,2.065,8.017,7.09
728.0,11500928.954,-1.6,1.601,2.9,4.0,2.07,2.066,8.001,7.097
729.0,11516034.432,-1.6,1.601,2.9,4.0,2.071,2.035,8.003,6.983
730.0,11531471.042,-1.6,1.601,2.9,4.0,2.037,2.04,7.888,6.995
731.0,11546810.302,-1.6,1.601,2.9,4.0,2.045,2.022,7.915,6.931
732.0,11562300.893,-1.6,1.601,2.9,4.0,2.025,2.022,7.85,6.929
733.0,11577643.004,-1.6,1.601,2.9,4.0,2.03,2.055,7.865,7.055
734.0,11592914.551,-1.6,1.601,2.9,4.0,2.061,2.058,7.967,7.069
735.0,11608255.384,-1.6,1.601,2.9,4.0,2.063,2.061,7.977,7.08
736.0,11623496.461,-1.6,1.601,2.9,4.0,2.067,2.061,7.987,7.08
737.0,11638741.94,-1.6,1.601,2.9,4.0,2.065,2.055,7.981,7.056
738.0,11653996.992,-1.6,1.601,2.9,4.0,2.059,2.05,7.962,7.039
739.0,11669270.992,-1.6,1.601,2.897,4.0,2.055,2.056,7.948,7.058
740.0,11684519.727,-1.6,1.601,2.9,4.0,2.061,2.058,7.968,7.068
741.0,11699786.862,-1.6,1.601,2.9,4.0,2.064,2.063,7.976,7.086
742.0,11714986.288,-1.6,1.601,2.9,4.0,2.068,2.061,7.993,7.08
743.0,11730330.304,-1.6,1.601,2.9,4.0,2.064,2.049,7.977,7.032
744.0,11745647.097,-1.6,1.601,2.9,4.0,2.055,2.061,7.948,7.079
745.0,11760953.894,-1.6,1.601,2.9,4.0,2.066,2.059,7.986,7.071
746.0,11776216.817,-1.6,1.601,2.9,4.0,2.064,2.061,7.975,7.078
747.0,11791501.332,-1.6,1.601,2.9,4.0,2.066,2.064,7.984,7.089
748.0,11806752.496,-1.6,1.601,2.9,4.0,2.069,2.057,7.995,7.067
749.0,11821978.386,-1.6,1.601,2.9,4.0,2.063,2.061,7.973,7.083
750.0,11837274.057,-1.6,1.601,2.9,4.0,2.065,2.064,7.981,7.09
751.0,11852491.359,-1.6,1.601,2.9,4.0,2.068,2.061,7.991,7.08
752.0,11867702.537,-1.6,1.601,2.9,4.0,2.067,2.062,7.987,7.083
753.0,11882927.452,-1.6,1.601,2.9,4.0,2.066,2.059,7.984,7.075
754.0,11898185.535,-1.6,1.601,2.9,4.0,2.065,2.066,7.981,7.1
755.0,11913435.691,-1.6,1.601,2.9,4.0,2.07,2.063,7.999,7.089
756.0,11920382.573,-1.6,1.601,2.9,4.0,1.394,1.426,5.294,4.78
757.0,11935799.176,-1.6,1.601,2.9,4.0,2.101,2.06,8.117,7.078
758.0,11951003.104,-1.6,1.601,2.9,4.0,2.065,2.06,7.981,7.076
759.0,11966224.667,-1.6,1.601,2.897,4.0,2.065,2.062,7.979,7.083
760.0,11981476.454,-1.6,1.601,2.898,4.0,2.066,2.059,7.985,7.073
761.0,11996666.729,-1.6,1.601,2.9,4.0,2.064,2.052,7.977,7.045
762.0,12011883.797,-1.6,1.601,2.9,4.0,2.056,2.056,7.951,7.062
763.0,12027110.687,-1.6,1.601,2.9,4.0,2.061,2.057,7.967,7.067
764.0,12042329.141,-1.6,1.601,2.9,4.0,2.062,2.058,7.969,7.07
765.0,12057591.994,-1.6,1.601,2.9,4.0,2.063,2.061,7.972,7.078
766.0,12072819.836,-1.6,1.601,2.9,4.0,2.065,2.054,7.982,7.056
767.0,12087977.182,-1.6,1.601,2.9,4.0,2.059,2.052,7.959,7.049
768.0,12103162.392,-1.6,1.601,2.9,4.0,2.057,2.056,7.954,7.063
769.0,12118353.217,-1.6,1.601,2.9,4.0,2.061,2.059,7.966,7.075
770.0,12133542.462,-1.6,1.601,2.9,4.0,2.064,2.058,7.974,7.069
771.0,12148713.146,-1.6,1.601,2.9,4.0,2.062,2.049,7.97,7.036
772.0,12163943.207,-1.6,1.601,2.9,4.0,2.053,2.049,7.938,7.034
773.0,12179186.8,-1.6,1.601,2.9,4.0,2.055,2.054,7.944,7.056
774.0,12194415.081,-1.6,1.601,2.9,4.0,2.06,2.056,7.963,7.063
775.0,12209591.678,-1.6,1.601,2.9,4.0,2.061,2.057,7.964,7.067
776.0,12224782.645,-1.6,1.601,2.9,4.0,2.062,2.056,7.968,7.065
777.0,12239927.362,-1.6,1.601,2.9,4.0,2.061,2.049,7.966,7.039
778.0,12255184.44,-1.6,1.601,2.9,4.0,2.052,2.044,7.936,7.016
779.0,12270386.881,-1.6,1.601,2.9,4.0,2.049,2.039,7.924,7.0
780.0,12285585.695,-1.6,1.601,2.9,4.0,2.043,2.038,7.906,6.997
781.0,12300782.044,-1.6,1.601,2.9,4.0,2.043,2.04,7.905,7.004
782.0,12315968.086,-1.6,1.601,2.9,4.0,2.045,2.03,7.912,6.969
783.0,12331172.811,-1.6,1.601,2.9,4.0,2.033,2.024,7.867,6.945
784.0,12346414.491,-1.6,1.601,2.9,4.0,2.031,2.04,7.862,7.002
785.0,12361585.416,-1.6,1.601,2.9,4.0,2.046,2.05,7.911,7.038
786.0,12376722.615,-1.6,1.601,2.9,4.0,2.055,2.047,7.945,7.034
787.0,12391958.85,-1.6,1.601,2.893,4.0,2.051,2.046,7.932,7.027
788.0,12403353.727,-1.6,1.601,3.428,4.0,2.051,0.493,7.93,1.831
