Cycle_Index,Start_Time,End_Time,Test_Time (s),Min_Current (A),Max_Current (A),Min_Voltage (V),Max_Voltage (V),Charge_Capacity (Ah),Discharge_Capacity (Ah),Charge_Energy (Wh),Discharge_Energy (Wh)
1.0,2018-02-27 13:12:09.248400,2018-02-27 17:32:11.343828,15612.095,-1.5,1.5,1.999,4.2,2.79,2.899,10.865,10.159
2.0,2018-02-27 17:32:11.353780,2018-02-27 21:55:25.090572,31405.842,-1.5,1.499,1.999,4.2,2.901,2.888,11.221,10.132
3.0,2018-02-27 21:55:25.100724,2018-02-28 02:17:54.860236,47155.612,-1.5,1.5,1.999,4.2,2.892,2.879,11.186,10.115
4.0,2018-02-28 02:17:54.867192,2018-02-28 08:55:25.813204,71006.565,-3.0,1.499,1.999,4.2,5.75,5.711,22.247,19.404
5.0,2018-02-28 08:55:25.826640,2018-02-28 12:09:16.736064,82637.488,-3.0,1.5,1.999,4.2,2.87,2.859,11.088,9.755
6.0,2018-02-28 12:09:16.746520,2018-02-28 15:22:55.158652,94255.91,-3.0,1.499,1.999,4.2,2.865,2.854,11.068,9.755
7.0,2018-02-28 15:22:55.173400,2018-02-28 18:36:04.158800,105844.91,-3.0,1.499,1.999,4.2,2.857,2.847,11.037,9.739
8.0,2018-02-28 18:36:04.165624,2018-02-28 21:48:58.557132,117419.309,-3.0,1.499,1.999,4.2,2.851,2.842,11.017,9.736
9.0,2018-02-28 21:48:58.569396,2018-03-01 01:01:32.934532,128973.686,-3.0,1.499,1.999,4.2,2.845,2.836,10.992,9.722
10.0,2018-03-01 01:01:32.942928,2018-03-01 04:13:43.125240,140503.877,-3.0,1.499,1.999,4.2,2.838,2.829,10.967,9.709
11.0,2018-03-01 04:13:43.141268,2018-03-01 07:25:36.385880,152017.137,-3.0,1.499,1.999,4.2,2.832,2.824,10.946,9.698
12.0,2018-03-01 07:25:36.407544,2018-03-01 10:37:09.142512,163509.894,-3.0,1.499,1.999,4.2,2.826,2.818,10.923,9.683
13.0,2018-03-01 10:37:09.178136,2018-03-01 13:48:23.958284,174984.71,-3.0,1.499,1.999,4.2,2.82,2.813,10.902,9.67
14.0,2018-03-01 13:48:23.974480,2018-03-01 16:59:20.663424,186441.415,-3.0,1.499,1.999,4.2,2.815,2.808,10.882,9.659
15.0,2018-03-01 16:59:20.666904,2018-03-01 20:10:04.945916,197885.697,-3.0,1.499,1.999,4.2,2.81,2.803,10.865,9.652
16.0,2018-03-01 20:10:04.956140,2018-03-01 23:20:35.791832,209316.543,-3.0,1.5,1.999,4.2,2.806,2.799,10.848,9.643
17.0,2018-03-01 23:20:35.811196,2018-03-02 02:30:54.512728,220735.264,-3.0,1.499,1.999,4.2,2.802,2.795,10.831,9.634
18.0,2018-03-02 02:30:54.508624,2018-03-02 05:41:01.569512,232142.321,-3.0,1.499,1.999,4.2,2.798,2.791,10.817,9.629
19.0,2018-03-02 05:41:01.573712,2018-03-02 08:50:59.729544,243540.481,-3.0,1.499,1.999,4.2,2.794,2.788,10.804,9.626
20.0,2018-03-02 08:50:59.742488,2018-03-02 11:13:25.526800,252086.278,-3.0,9.999,1.999,4.282,2.351,2.313,8.943,7.727
21.0,2018-03-02 11:13:25.554968,2018-03-02 14:19:02.264676,263223.016,-3.0,1.499,1.999,4.2,2.73,2.729,10.591,9.332
22.0,2018-03-02 14:19:02.285356,2018-03-02 17:24:25.965792,274346.717,-3.0,1.5,1.999,4.2,2.728,2.725,10.584,9.326
23.0,2018-03-02 17:24:25.972680,2018-03-02 20:29:55.207168,285475.959,-3.0,1.5,1.999,4.202,2.731,2.728,10.595,9.343
24.0,2018-03-02 20:29:55.180212,2018-03-02 23:35:23.084768,296603.836,-3.0,1.499,1.999,4.2,2.729,2.725,10.585,9.344
25.0,2018-03-02 23:35:23.094708,2018-03-03 02:40:58.217564,307738.969,-3.0,1.499,1.999,4.2,2.73,2.726,10.586,9.358
26.0,2018-03-03 02:40:58.217464,2018-03-03 05:46:32.486748,318873.238,-3.0,1.499,1.999,4.2,2.729,2.725,10.583,9.363
27.0,2018-03-03 05:46:32.489052,2018-03-03 08:52:07.882816,330008.634,-3.0,1.499,1.999,4.2,2.728,2.724,10.579,9.37
28.0,2018-03-03 08:52:07.908820,2018-03-03 11:57:47.991456,341148.743,-3.0,1.499,1.999,4.2,2.729,2.725,10.579,9.379
29.0,2018-03-03 11:57:48.011512,2018-03-03 15:03:26.594972,352287.346,-3.0,1.5,1.999,4.2,2.728,2.724,10.573,9.386
30.0,2018-03-03 15:03:26.608376,2018-03-03 18:09:11.548256,363432.3,-3.0,1.499,1.999,4.2,2.728,2.725,10.575,9.4
31.0,2018-03-03 18:09:11.562832,2018-03-03 21:15:01.945184,374582.697,-3.0,1.5,1.999,4.2,2.729,2.725,10.574,9.412
32.0,2018-03-03 21:15:01.923508,2018-03-04 00:20:57.924956,385738.676,-3.0,1.499,1.999,4.2,2.729,2.725,10.572,9.421
33.0,2018-03-04 00:20:57.952948,2018-03-04 03:26:59.142240,396899.894,-3.0,1.499,1.998,4.2,2.729,2.725,10.57,9.431
34.0,2018-03-04 03:26:59.158932,2018-03-04 06:33:05.701696,408066.453,-3.0,1.499,1.999,4.2,2.729,2.725,10.57,9.441
35.0,2018-03-04 06:33:05.707800,2018-03-04 09:39:14.780160,419235.532,-3.0,1.499,1.999,4.2,2.728,2.725,10.566,9.448
36.0,2018-03-04 09:39:14.778804,2018-03-04 12:45:26.510460,430407.262,-3.0,1.499,1.999,4.2,2.728,2.724,10.563,9.45
37.0,2018-03-04 12:45:26.504216,2018-03-04 15:51:31.345912,441572.097,-3.0,1.499,1.998,4.2,2.725,2.722,10.553,9.448
38.0,2018-03-04 15:51:31.381016,2018-03-04 18:57:38.639832,452739.391,-3.0,1.499,1.998,4.2,2.725,2.721,10.55,9.453
39.0,2018-03-04 18:57:38.648980,2018-03-04 22:03:46.340992,463907.092,-3.0,1.499,1.998,4.2,2.724,2.72,10.545,9.457
40.0,2018-03-04 22:03:46.343928,2018-03-05 01:09:54.930068,475075.682,-3.0,1.499,1.999,4.2,2.723,2.719,10.54,9.459
41.0,2018-03-05 01:09:54.924212,2018-03-05 04:16:03.795508,486244.547,-3.0,1.499,1.998,4.2,2.722,2.718,10.535,9.463
42.0,2018-03-05 04:16:03.798708,2018-03-05 07:22:14.344920,497415.096,-3.0,1.5,1.998,4.2,2.721,2.717,10.531,9.465
43.0,2018-03-05 07:22:14.344472,2018-03-05 10:28:23.167156,508583.919,-3.0,1.499,1.998,4.2,2.719,2.716,10.524,9.464
44.0,2018-03-05 10:28:23.153332,2018-03-05 13:34:30.164876,519750.916,-3.0,1.499,1.998,4.2,2.718,2.714,10.518,9.464
45.0,2018-03-05 13:34:30.192720,2018-03-05 16:40:36.086992,530916.838,-3.0,1.499,1.998,4.2,2.716,2.713,10.511,9.463
46.0,2018-03-05 16:40:36.051960,2018-03-05 19:46:40.019436,542080.771,-3.0,1.499,1.998,4.2,2.715,2.712,10.507,9.464
47.0,2018-03-05 19:46:40.077492,2018-03-05 22:52:41.707212,553242.459,-3.0,1.499,1.998,4.2,2.714,2.71,10.501,9.463
48.0,2018-03-05 22:52:41.775796,2018-03-06 01:58:41.311664,564402.063,-3.0,1.499,1.998,4.2,2.712,2.709,10.495,9.462
49.0,2018-03-06 01:58:41.311512,2018-03-06 05:04:37.737168,575558.489,-3.0,1.499,1.998,4.2,2.711,2.707,10.489,9.459
50.0,2018-03-06 05:04:37.766936,2018-03-06 08:10:31.236488,586711.988,-3.0,1.499,1.998,4.2,2.709,2.706,10.482,9.457
51.0,2018-03-06 08:10:31.273140,2018-03-06 11:16:22.003816,597862.755,-3.0,1.499,1.998,4.2,2.707,2.704,10.476,9.455
52.0,2018-03-06 11:16:22.027032,2018-03-06 14:22:09.338500,609010.09,-3.0,1.499,1.998,4.2,2.706,2.703,10.471,9.453
53.0,2018-03-06 14:22:09.372952,2018-03-06 17:27:53.289536,620154.041,-3.0,1.499,1.998,4.2,2.704,2.701,10.464,9.449
54.0,2018-03-06 17:27:53.245464,2018-03-06 20:33:34.760772,631295.512,-3.0,1.499,1.998,4.2,2.703,2.7,10.46,9.448
55.0,2018-03-06 20:33:34.824016,2018-03-06 23:39:12.214236,642432.966,-3.0,1.499,1.998,4.2,2.701,2.698,10.453,9.445
56.0,2018-03-06 23:39:12.273400,2018-03-07 02:44:47.517696,653568.269,-3.0,1.5,1.998,4.2,2.7,2.697,10.448,9.442
57.0,2018-03-07 02:44:47.495960,2018-03-07 05:50:17.496284,664698.248,-3.0,1.5,1.998,4.2,2.698,2.695,10.442,9.439
58.0,2018-03-07 05:50:17.474840,2018-03-07 08:55:44.314172,675825.066,-3.0,1.499,1.998,4.2,2.697,2.694,10.437,9.436
59.0,2018-03-07 08:55:44.307992,2018-03-07 12:01:06.396984,686947.148,-3.0,1.5,1.998,4.2,2.695,2.692,10.43,9.432
60.0,2018-03-07 12:01:06.422452,2018-03-07 15:06:25.056700,698065.808,-3.0,1.499,1.998,4.2,2.694,2.691,10.425,9.429
61.0,2018-03-07 15:06:25.063604,2018-03-07 18:11:39.635920,709180.387,-3.0,1.499,1.998,4.2,2.692,2.69,10.42,9.426
62.0,2018-03-07 18:11:39.641524,2018-03-07 21:16:50.342452,720291.094,-3.0,1.499,1.998,4.2,2.691,2.688,10.414,9.423
63.0,2018-03-07 21:16:50.352020,2018-03-08 00:21:56.574572,731397.326,-3.0,1.499,1.998,4.2,2.689,2.687,10.409,9.419
64.0,2018-03-08 00:21:56.607568,2018-03-08 03:26:59.726704,742500.478,-3.0,1.499,1.998,4.201,2.689,2.686,10.406,9.418
65.0,2018-03-08 03:26:59.782424,2018-03-08 06:31:56.994796,753597.746,-3.0,1.499,1.998,4.2,2.686,2.684,10.397,9.411
66.0,2018-03-08 06:31:56.993304,2018-03-08 09:36:49.695984,764690.447,-3.0,1.499,1.998,4.2,2.685,2.682,10.392,9.409
67.0,2018-03-08 09:36:49.747736,2018-03-08 12:41:37.912012,775778.664,-3.0,1.499,1.998,4.2,2.683,2.681,10.386,9.404
68.0,2018-03-08 12:41:37.849112,2018-03-08 15:46:22.511400,786863.263,-3.0,1.499,1.998,4.2,2.682,2.68,10.382,9.402
69.0,2018-03-08 15:46:22.476280,2018-03-08 18:13:36.997488,795697.749,-3.0,1.499,1.998,4.2,2.285,2.285,8.715,7.885
70.0,2018-03-08 18:13:36.991924,2018-03-08 21:18:15.286884,806776.038,-3.0,1.499,1.998,4.2,2.681,2.677,10.376,9.394
71.0,2018-03-08 21:18:15.328336,2018-03-09 00:22:47.865956,817848.617,-3.0,1.499,1.998,4.2,2.678,2.676,10.368,9.391
72.0,2018-03-09 00:22:47.897780,2018-03-09 03:27:15.861536,828916.613,-3.0,1.499,1.998,4.2,2.677,2.675,10.363,9.388
73.0,2018-03-09 03:27:15.814168,2018-03-09 06:31:40.047900,839980.799,-3.0,1.499,1.998,4.2,2.676,2.673,10.358,9.385
74.0,2018-03-09 06:31:40.060340,2018-03-09 09:36:00.710984,851041.462,-3.0,1.499,1.998,4.2,2.675,2.672,10.354,9.381
75.0,2018-03-09 09:36:00.767668,2018-03-09 12:40:17.717660,862098.469,-3.0,1.499,1.998,4.2,2.673,2.671,10.349,9.378
76.0,2018-03-09 12:40:17.739444,2018-03-09 15:44:31.059448,873151.811,-3.0,1.5,1.998,4.2,2.673,2.67,10.347,9.377
77.0,2018-03-09 15:44:31.041204,2018-03-09 18:48:40.278840,884201.03,-3.0,1.5,1.998,4.2,2.671,2.669,10.342,9.373
78.0,2018-03-09 18:48:40.281232,2018-03-09 21:52:45.283892,895246.035,-3.0,1.5,1.998,4.2,2.67,2.668,10.337,9.37
79.0,2018-03-09 21:52:45.323956,2018-03-10 00:56:47.549080,906288.301,-3.0,1.5,1.998,4.2,2.669,2.666,10.332,9.365
80.0,2018-03-10 00:56:47.550132,2018-03-10 04:00:45.025556,917325.777,-3.0,1.499,1.998,4.2,2.667,2.665,10.327,9.361
81.0,2018-03-10 04:00:45.057716,2018-03-10 07:04:38.800180,928359.552,-3.0,1.499,1.998,4.2,2.666,2.664,10.322,9.358
82.0,2018-03-10 07:04:38.829648,2018-03-10 10:08:27.114996,939387.866,-3.0,1.499,1.998,4.2,2.664,2.662,10.317,9.354
83.0,2018-03-10 10:08:27.096756,2018-03-10 13:12:11.144500,950411.896,-3.0,1.5,1.998,4.2,2.663,2.661,10.311,9.349
84.0,2018-03-10 13:12:11.103924,2018-03-10 16:15:52.460696,961433.212,-3.0,1.499,1.998,4.2,2.662,2.66,10.309,9.347
85.0,2018-03-10 16:15:52.424916,2018-03-10 19:19:29.227060,972449.979,-3.0,1.499,1.998,4.2,2.661,2.66,10.305,9.347
86.0,2018-03-10 19:19:29.222324,2018-03-10 22:23:02.426444,983463.178,-3.0,1.499,1.998,4.2,2.661,2.659,10.303,9.344
87.0,2018-03-10 22:23:02.417552,2018-03-11 01:26:31.688712,994472.44,-3.0,1.499,1.998,4.2,2.659,2.657,10.298,9.339
88.0,2018-03-11 01:26:31.679120,2018-03-11 04:29:56.978532,1005477.73,-3.0,1.499,1.998,4.2,2.658,2.656,10.294,9.337
89.0,2018-03-11 04:29:56.941392,2018-03-11 07:33:18.978152,1016479.73,-3.0,1.499,1.998,4.2,2.657,2.654,10.288,9.331
90.0,2018-03-11 07:33:18.994100,2018-03-11 10:36:36.927556,1027477.679,-3.0,1.5,1.998,4.2,2.655,2.653,10.283,9.327
91.0,2018-03-11 10:36:36.917340,2018-03-11 13:39:50.906476,1038471.658,-3.0,1.5,1.998,4.2,2.654,2.652,10.28,9.325
92.0,2018-03-11 13:39:50.975056,2018-03-11 16:43:01.200360,1049461.952,-3.0,1.5,1.998,4.2,2.653,2.652,10.276,9.325
93.0,2018-03-11 16:43:01.231284,2018-03-11 19:46:09.149448,1060449.901,-3.0,1.499,1.998,4.2,2.653,2.651,10.275,9.321
94.0,2018-03-11 19:46:09.128216,2018-03-11 22:49:14.201636,1071434.953,-3.0,1.5,1.998,4.2,2.652,2.65,10.271,9.319
95.0,2018-03-11 22:49:14.141564,2018-03-12 01:52:14.374212,1082415.126,-3.0,1.499,1.998,4.2,2.651,2.649,10.267,9.315
96.0,2018-03-12 01:52:14.370484,2018-03-12 04:55:17.168548,1093397.92,-3.0,1.5,1.998,4.2,2.651,2.648,10.269,9.313
97.0,2018-03-12 04:55:17.155508,2018-03-12 07:58:14.198496,1104374.95,-3.0,1.499,1.998,4.2,2.649,2.647,10.262,9.309
98.0,2018-03-12 07:58:14.304236,2018-03-12 11:01:04.087040,1115344.839,-3.0,1.499,1.998,4.2,2.648,2.646,10.256,9.307
99.0,2018-03-12 11:01:04.112532,2018-03-12 14:03:50.840700,1126311.592,-3.0,1.5,1.998,4.2,2.647,2.645,10.251,9.303
100.0,2018-03-12 14:03:50.776300,2018-03-12 17:06:34.834204,1137275.586,-3.0,1.499,1.998,4.2,2.646,2.644,10.249,9.301
101.0,2018-03-12 17:06:34.687056,2018-03-12 19:32:06.022220,1146006.774,-3.0,1.5,1.998,4.2,2.257,2.257,8.616,7.813
102.0,2018-03-12 19:32:06.048336,2018-03-12 21:58:35.758304,1154796.51,-3.0,1.499,1.998,4.2,2.273,2.272,8.685,7.873
103.0,2018-03-12 21:58:35.736656,2018-03-13 01:01:11.230552,1165751.982,-3.0,1.499,1.998,4.2,2.644,2.641,10.243,9.291
104.0,2018-03-13 01:01:11.258904,2018-03-13 04:03:42.119540,1176702.871,-3.0,1.499,1.998,4.2,2.642,2.64,10.236,9.29
105.0,2018-03-13 04:03:42.062160,2018-03-13 07:06:10.957820,1187651.709,-3.0,1.5,1.998,4.2,2.642,2.639,10.233,9.288
106.0,2018-03-13 07:06:11.030608,2018-03-13 10:08:36.123800,1198596.875,-3.0,1.5,1.998,4.2,2.64,2.638,10.229,9.284
107.0,2018-03-13 10:08:36.067096,2018-03-13 13:10:58.246808,1209538.998,-3.0,1.499,1.998,4.2,2.639,2.637,10.225,9.28
108.0,2018-03-13 13:10:58.220600,2018-03-13 16:13:15.893012,1220476.645,-3.0,1.499,1.998,4.2,2.638,2.636,10.22,9.277
109.0,2018-03-13 16:13:15.915956,2018-03-13 19:15:31.425520,1231412.177,-3.0,1.499,1.998,4.2,2.637,2.635,10.217,9.274
110.0,2018-03-13 19:15:31.383888,2018-03-13 22:17:42.869968,1242343.621,-3.0,1.5,1.998,4.2,2.636,2.634,10.213,9.271
111.0,2018-03-13 22:17:42.919860,2018-03-14 01:19:51.110960,1253271.862,-3.0,1.5,1.998,4.2,2.635,2.633,10.209,9.268
112.0,2018-03-14 01:19:51.178232,2018-03-14 04:21:56.501324,1264197.253,-3.0,1.499,1.998,4.2,2.634,2.632,10.206,9.265
113.0,2018-03-14 04:21:56.554620,2018-03-14 07:23:58.511760,1275119.263,-3.0,1.499,1.998,4.2,2.633,2.631,10.202,9.262
114.0,2018-03-14 07:23:58.522136,2018-03-14 10:25:56.984936,1286037.736,-3.0,1.499,1.998,4.2,2.632,2.63,10.199,9.26
115.0,2018-03-14 10:25:56.950808,2018-03-14 13:27:53.176388,1296953.928,-3.0,1.5,1.998,4.2,2.632,2.63,10.196,9.257
116.0,2018-03-14 13:27:53.282228,2018-03-14 16:29:46.980044,1307867.732,-3.0,1.499,1.998,4.2,2.631,2.629,10.193,9.255
117.0,2018-03-14 16:29:46.991608,2018-03-14 19:31:37.754444,1318778.506,-3.0,1.5,1.998,4.2,2.63,2.628,10.191,9.253
118.0,2018-03-14 19:31:37.687832,2018-03-14 22:33:25.994948,1329686.746,-3.0,1.499,1.998,4.2,2.629,2.627,10.187,9.25
119.0,2018-03-14 22:33:26.023160,2018-03-15 01:35:11.312552,1340592.064,-3.0,1.5,1.998,4.2,2.628,2.626,10.185,9.248
120.0,2018-03-15 01:35:11.214260,2018-03-15 04:36:52.567268,1351493.319,-3.0,1.499,1.998,4.2,2.627,2.625,10.181,9.245
121.0,2018-03-15 04:36:52.472400,2018-03-15 07:38:31.328844,1362392.08,-3.0,1.499,1.998,4.2,2.627,2.625,10.178,9.243
122.0,2018-03-15 07:38:31.371544,2018-03-15 10:40:06.696864,1373287.448,-3.0,1.5,1.998,4.2,2.626,2.624,10.174,9.239
123.0,2018-03-15 10:40:06.599672,2018-03-15 13:41:41.571460,1384182.323,-3.0,1.5,1.998,4.2,2.626,2.621,10.175,9.231
124.0,2018-03-15 13:41:41.567256,2018-03-15 16:43:11.593060,1395072.345,-3.0,1.499,1.998,4.2,2.624,2.622,10.169,9.235
125.0,2018-03-15 16:43:11.684176,2018-03-15 19:44:38.765600,1405959.517,-3.0,1.499,1.998,4.2,2.623,2.621,10.166,9.233
126.0,2018-03-15 19:44:38.655668,2018-03-15 22:46:01.987552,1416842.739,-3.0,1.499,1.998,4.2,2.622,2.621,10.163,9.23
127.0,2018-03-15 22:46:01.957944,2018-03-16 01:47:23.086308,1427723.838,-3.0,1.499,1.998,4.2,2.622,2.62,10.16,9.227
128.0,2018-03-16 01:47:23.161368,2018-03-16 04:48:40.783908,1438601.535,-3.0,1.499,1.998,4.2,2.621,2.619,10.156,9.224
129.0,2018-03-16 04:48:40.826648,2018-03-16 07:49:56.034752,1449476.786,-3.0,1.499,1.998,4.2,2.62,2.618,10.154,9.222
130.0,2018-03-16 07:49:56.001560,2018-03-16 10:51:08.846272,1460349.598,-3.0,1.499,1.998,4.2,2.619,2.617,10.151,9.22
131.0,2018-03-16 10:51:08.817176,2018-03-16 13:52:19.007096,1471219.759,-3.0,1.499,1.998,4.2,2.618,2.616,10.147,9.216
132.0,2018-03-16 13:52:19.142324,2018-03-16 16:53:26.331420,1482087.083,-3.0,1.499,1.998,4.2,2.618,2.616,10.145,9.214
133.0,2018-03-16 16:53:26.189972,2018-03-16 19:54:31.038876,1492951.79,-3.0,1.499,1.998,4.2,2.617,2.615,10.142,9.212
134.0,2018-03-16 19:54:31.010996,2018-03-16 22:55:33.033820,1503813.785,-3.0,1.499,1.998,4.2,2.616,2.614,10.14,9.21
135.0,2018-03-16 22:55:32.948436,2018-03-17 01:56:31.753364,1514672.505,-3.0,1.499,1.998,4.2,2.615,2.613,10.137,9.208
136.0,2018-03-17 01:56:31.869520,2018-03-17 04:57:29.384560,1525530.136,-3.0,1.499,1.998,4.2,2.615,2.613,10.135,9.206
137.0,2018-03-17 04:57:29.350712,2018-03-17 07:58:23.501784,1536384.253,-3.0,1.499,1.998,4.2,2.614,2.612,10.132,9.203
138.0,2018-03-17 07:58:23.554004,2018-03-17 10:59:15.237312,1547235.989,-3.0,1.5,1.998,4.2,2.613,2.611,10.129,9.201
139.0,2018-03-17 10:59:15.265428,2018-03-17 14:00:03.359640,1558084.111,-3.0,1.499,1.998,4.2,2.612,2.61,10.125,9.198
140.0,2018-03-17 14:00:03.440108,2018-03-17 17:00:48.744984,1568929.496,-3.0,1.499,1.998,4.2,2.611,2.609,10.122,9.195
141.0,2018-03-17 17:00:48.599832,2018-03-17 20:01:32.027316,1579772.779,-3.0,1.5,1.998,4.2,2.611,2.609,10.121,9.194
142.0,2018-03-17 20:01:32.055320,2018-03-17 23:02:12.913268,1590613.665,-3.0,1.5,1.998,4.2,2.61,2.608,10.118,9.191
143.0,2018-03-17 23:02:12.889268,2018-03-18 02:02:51.304880,1601452.056,-3.0,1.499,1.998,4.2,2.609,2.608,10.116,9.19
144.0,2018-03-18 02:02:51.232848,2018-03-18 05:03:27.798484,1612288.55,-3.0,1.5,1.998,4.2,2.609,2.607,10.113,9.188
145.0,2018-03-18 05:03:27.872692,2018-03-18 08:04:01.988436,1623122.74,-3.0,1.499,1.998,4.2,2.608,2.606,10.11,9.185
146.0,2018-03-18 08:04:02.022068,2018-03-18 11:04:34.415980,1633955.167,-3.0,1.499,1.998,4.2,2.607,2.605,10.107,9.182
147.0,2018-03-18 11:04:34.335936,2018-03-18 14:05:02.889264,1644783.641,-3.0,1.5,1.997,4.2,2.606,2.605,10.104,9.18
148.0,2018-03-18 14:05:02.849816,2018-03-18 17:05:29.360080,1655610.112,-3.0,1.499,1.998,4.2,2.606,2.604,10.103,9.178
149.0,2018-03-18 17:05:29.397016,2018-03-18 20:05:53.987432,1666434.739,-3.0,1.499,1.998,4.2,2.605,2.604,10.1,9.177
150.0,2018-03-18 20:05:53.978136,2018-03-18 23:06:14.365768,1677255.117,-3.0,1.499,1.997,4.2,2.604,2.603,10.096,9.173
151.0,2018-03-18 23:06:14.364852,2018-03-19 02:06:33.090508,1688073.842,-3.0,1.499,1.998,4.2,2.604,2.602,10.095,9.171
152.0,2018-03-19 02:06:33.178704,2018-03-19 05:06:49.735468,1698890.487,-3.0,1.499,1.998,4.2,2.603,2.601,10.092,9.17
153.0,2018-03-19 05:06:49.764432,2018-03-19 08:07:03.179144,1709703.931,-3.0,1.5,1.998,4.2,2.602,2.6,10.089,9.167
154.0,2018-03-19 08:07:03.072660,2018-03-19 11:07:13.452520,1720514.204,-3.0,1.499,1.998,4.2,2.601,2.6,10.086,9.164
155.0,2018-03-19 11:07:13.498804,2018-03-19 14:07:21.984072,1731322.736,-3.0,1.499,1.998,4.2,2.601,2.599,10.085,9.163
156.0,2018-03-19 14:07:21.957368,2018-03-19 17:07:27.319212,1742128.071,-3.0,1.499,1.998,4.2,2.6,2.599,10.082,9.161
157.0,2018-03-19 17:07:27.402776,2018-03-19 20:07:30.642500,1752931.394,-3.0,1.499,1.998,4.2,2.6,2.598,10.08,9.159
158.0,2018-03-19 20:07:30.619060,2018-03-19 23:07:29.883528,1763730.635,-3.0,1.499,1.998,4.2,2.599,2.597,10.077,9.156
159.0,2018-03-19 23:07:29.903384,2018-03-20 02:07:26.659688,1774527.411,-3.0,1.5,1.998,4.2,2.598,2.596,10.074,9.154
160.0,2018-03-20 02:07:26.696540,2018-03-20 05:07:21.074436,1785321.826,-3.0,1.5,1.997,4.2,2.598,2.596,10.072,9.152
161.0,2018-03-20 05:07:21.131700,2018-03-20 08:07:13.518948,1796114.27,-3.0,1.499,1.997,4.2,2.597,2.595,10.07,9.15
162.0,2018-03-20 08:07:13.601080,2018-03-20 11:07:02.716904,1806903.468,-3.0,1.499,1.998,4.2,2.596,2.594,10.066,9.147
163.0,2018-03-20 11:07:02.922932,2018-03-20 14:06:53.596192,1817694.348,-3.0,1.499,1.998,4.2,2.596,2.594,10.066,9.147
164.0,2018-03-20 14:06:53.687576,2018-03-20 17:06:39.910492,1828480.662,-3.0,1.499,1.997,4.2,2.595,2.593,10.063,9.144
165.0,2018-03-20 17:06:39.995572,2018-03-20 20:06:25.328188,1839266.08,-3.0,1.499,1.998,4.2,2.594,2.593,10.06,9.141
166.0,2018-03-20 20:06:25.386264,2018-03-20 23:06:07.682912,1850048.434,-3.0,1.499,1.998,4.2,2.594,2.592,10.059,9.14
167.0,2018-03-20 23:06:07.630928,2018-03-21 02:05:47.472256,1860828.224,-3.0,1.499,1.998,4.2,2.593,2.591,10.055,9.137
168.0,2018-03-21 02:05:47.647768,2018-03-21 05:05:26.508736,1871607.26,-3.0,1.499,1.998,4.2,2.593,2.591,10.054,9.136
169.0,2018-03-21 05:05:26.484660,2018-03-21 08:05:01.741988,1882382.493,-3.0,1.5,1.997,4.2,2.592,2.59,10.051,9.134
170.0,2018-03-21 08:05:01.651536,2018-03-21 11:04:34.098812,1893154.85,-3.0,1.499,1.998,4.2,2.591,2.59,10.049,9.132
171.0,2018-03-21 11:04:34.066100,2018-03-21 14:04:04.377628,1903925.129,-3.0,1.499,1.997,4.2,2.591,2.589,10.046,9.129
172.0,2018-03-21 14:04:04.514384,2018-03-21 17:03:31.662016,1914692.414,-3.0,1.499,1.997,4.2,2.59,2.588,10.044,9.127
173.0,2018-03-21 17:03:31.686968,2018-03-21 20:02:59.926136,1925460.678,-3.0,1.499,1.997,4.2,2.589,2.588,10.042,9.126
174.0,2018-03-21 20:02:59.906228,2018-03-21 23:02:22.983420,1936223.735,-3.0,1.499,1.998,4.2,2.589,2.587,10.039,9.123
175.0,2018-03-21 23:02:23.014680,2018-03-22 02:01:44.606168,1946985.358,-3.0,1.499,1.997,4.2,2.588,2.587,10.037,9.122
176.0,2018-03-22 02:01:44.681240,2018-03-22 05:01:03.719448,1957744.471,-3.0,1.499,1.998,4.2,2.588,2.586,10.035,9.12
177.0,2018-03-22 05:01:03.725460,2018-03-22 08:00:21.121464,1968501.873,-3.0,1.5,1.998,4.2,2.587,2.585,10.033,9.118
178.0,2018-03-22 08:00:21.067444,2018-03-22 10:59:36.999316,1979257.751,-3.0,1.499,1.998,4.2,2.586,2.585,10.031,9.116
179.0,2018-03-22 10:59:36.967636,2018-03-22 13:58:50.021656,1990010.773,-3.0,1.499,1.998,4.2,2.586,2.584,10.029,9.114
180.0,2018-03-22 13:58:50.113816,2018-03-22 16:58:01.649176,2000762.401,-3.0,1.499,1.998,4.2,2.585,2.584,10.026,9.112
181.0,2018-03-22 16:58:01.687832,2018-03-22 19:57:10.917684,2011511.669,-3.0,1.499,1.998,4.2,2.585,2.583,10.025,9.111
182.0,2018-03-22 19:57:10.902452,2018-03-22 22:56:18.046384,2022258.798,-3.0,1.5,1.998,4.2,2.584,2.582,10.022,9.109
183.0,2018-03-22 22:56:18.151192,2018-03-23 01:55:23.298104,2033004.05,-3.0,1.499,1.997,4.2,2.583,2.582,10.02,9.107
184.0,2018-03-23 01:55:23.302580,2018-03-23 04:54:25.325840,2043746.077,-3.0,1.5,1.998,4.2,2.583,2.581,10.017,9.104
185.0,2018-03-23 04:54:25.439312,2018-03-23 07:53:25.905968,2054486.657,-3.0,1.5,1.998,4.2,2.582,2.581,10.015,9.102
186.0,2018-03-23 07:53:25.872408,2018-03-23 10:52:23.628784,2065224.38,-3.0,1.499,1.998,4.2,2.581,2.58,10.013,9.1
187.0,2018-03-23 10:52:23.683864,2018-03-23 13:51:19.021804,2075959.773,-3.0,1.499,1.998,4.2,2.581,2.579,10.011,9.098
188.0,2018-03-23 13:51:19.005552,2018-03-23 16:50:13.208532,2086693.96,-3.0,1.5,1.998,4.2,2.58,2.579,10.009,9.097
189.0,2018-03-23 16:50:13.146192,2018-03-23 19:49:04.591664,2097425.343,-3.0,1.499,1.998,4.2,2.58,2.578,10.006,9.094
190.0,2018-03-23 19:49:04.535320,2018-03-23 22:47:53.777228,2108154.529,-3.0,1.499,1.998,4.2,2.579,2.578,10.004,9.093
191.0,2018-03-23 22:47:53.695924,2018-03-24 01:46:41.007440,2118881.759,-3.0,1.499,1.997,4.2,2.579,2.577,10.003,9.091
192.0,2018-03-24 01:46:41.021520,2018-03-24 04:45:26.005872,2129606.757,-3.0,1.499,1.998,4.2,2.578,2.577,10.0,9.089
193.0,2018-03-24 04:45:25.987320,2018-03-24 07:44:09.828528,2140330.58,-3.0,1.5,1.998,4.2,2.577,2.576,9.997,9.087
194.0,2018-03-24 07:44:09.775672,2018-03-24 10:42:49.850380,2151050.602,-3.0,1.499,1.997,4.2,2.577,2.575,9.996,9.086
195.0,2018-03-24 10:42:50.021980,2018-03-24 13:41:30.093476,2161770.845,-3.0,1.499,1.997,4.2,2.577,2.575,9.995,9.084
196.0,2018-03-24 13:41:30.007544,2018-03-24 16:40:08.570508,2172489.322,-3.0,1.499,1.997,4.2,2.577,2.574,9.995,9.082
197.0,2018-03-24 16:40:08.815060,2018-03-24 19:38:43.916712,2183204.668,-3.0,1.499,1.998,4.2,2.575,2.574,9.99,9.08
198.0,2018-03-24 19:38:43.950360,2018-03-24 22:37:17.011620,2193917.763,-3.0,1.499,1.997,4.2,2.575,2.573,9.988,9.078
199.0,2018-03-24 22:37:17.251052,2018-03-25 01:35:47.355332,2204628.107,-3.0,1.499,1.998,4.2,2.574,2.572,9.985,9.076
200.0,2018-03-25 01:35:47.405816,2018-03-25 04:34:15.583976,2215336.335,-3.0,1.499,1.998,4.2,2.573,2.572,9.983,9.074
201.0,2018-03-25 04:34:15.726772,2018-03-25 07:32:42.358156,2226043.11,-3.0,1.5,1.998,4.2,2.573,2.572,9.982,9.073
202.0,2018-03-25 07:32:42.474264,2018-03-25 10:31:07.623716,2236748.375,-3.0,1.499,1.997,4.2,2.572,2.571,9.98,9.071
203.0,2018-03-25 10:31:07.386648,2018-03-25 13:29:30.953124,2247451.705,-3.0,1.5,1.997,4.2,2.572,2.571,9.978,9.07
204.0,2018-03-25 13:29:30.988112,2018-03-25 16:27:52.411268,2258153.163,-3.0,1.5,1.997,4.2,2.571,2.57,9.976,9.067
205.0,2018-03-25 16:27:52.492724,2018-03-25 19:26:11.013728,2268851.765,-3.0,1.499,1.998,4.2,2.571,2.569,9.973,9.065
206.0,2018-03-25 19:26:11.375896,2018-03-25 22:24:28.948412,2279549.7,-3.0,1.499,1.997,4.2,2.57,2.569,9.972,9.064
207.0,2018-03-25 22:24:28.948248,2018-03-26 01:22:42.022148,2290242.774,-3.0,1.499,1.997,4.2,2.57,2.568,9.969,9.061
208.0,2018-03-26 01:22:42.063952,2018-03-26 04:20:55.602528,2300936.354,-3.0,1.499,1.998,4.2,2.569,2.568,9.967,9.06
209.0,2018-03-26 04:20:55.442100,2018-03-26 07:19:06.171424,2311626.923,-3.0,1.499,1.998,4.2,2.569,2.567,9.965,9.058
210.0,2018-03-26 07:19:06.199608,2018-03-26 10:17:14.544668,2322315.296,-3.0,1.499,1.998,4.2,2.568,2.566,9.963,9.056
211.0,2018-03-26 10:17:14.596120,2018-03-26 13:15:20.554272,2333001.306,-3.0,1.499,1.998,4.2,2.567,2.566,9.961,9.054
212.0,2018-03-26 13:15:20.634036,2018-03-26 16:13:25.550144,2343686.302,-3.0,1.499,1.998,4.2,2.567,2.565,9.959,9.052
213.0,2018-03-26 16:13:25.622776,2018-03-26 19:11:28.090332,2354368.842,-3.0,1.499,1.997,4.2,2.566,2.565,9.958,9.051
214.0,2018-03-26 19:11:28.252920,2018-03-26 22:09:29.452744,2365050.204,-3.0,1.499,1.998,4.2,2.566,2.565,9.956,9.05
215.0,2018-03-26 22:09:29.311000,2018-03-27 01:07:27.900960,2375728.652,-3.0,1.499,1.998,4.2,2.565,2.564,9.953,9.047
216.0,2018-03-27 01:07:27.746840,2018-03-27 04:05:24.809280,2386405.561,-3.0,1.499,1.997,4.2,2.565,2.564,9.953,9.047
217.0,2018-03-27 04:05:24.871160,2018-03-27 07:03:18.197816,2397078.949,-3.0,1.499,1.998,4.2,2.564,2.563,9.95,9.044
218.0,2018-03-27 07:03:18.326964,2018-03-27 10:01:11.001860,2407751.753,-3.0,1.5,1.998,4.2,2.564,2.563,9.949,9.044
219.0,2018-03-27 10:01:10.994936,2018-03-27 12:58:58.829176,2418419.581,-3.0,1.499,1.997,4.2,2.563,2.561,9.947,9.039
220.0,2018-03-27 12:58:58.945716,2018-03-27 15:56:46.086912,2429086.838,-3.0,1.5,1.997,4.2,2.562,2.561,9.943,9.038
221.0,2018-03-27 15:56:46.371508,2018-03-27 18:54:31.560540,2439752.312,-3.0,1.5,1.998,4.2,2.562,2.561,9.942,9.037
222.0,2018-03-27 18:54:31.438204,2018-03-27 21:52:15.627992,2450416.379,-3.0,1.499,1.997,4.2,2.561,2.56,9.939,9.035
223.0,2018-03-27 21:52:15.455924,2018-03-28 00:49:57.551348,2461078.303,-3.0,1.499,1.998,4.2,2.561,2.56,9.938,9.033
224.0,2018-03-28 00:49:57.638736,2018-03-28 03:47:38.600028,2471739.352,-3.0,1.5,1.998,4.2,2.561,2.559,9.937,9.032
225.0,2018-03-28 03:47:38.773172,2018-03-28 06:45:16.721556,2482397.473,-3.0,1.5,1.998,4.2,2.56,2.558,9.933,9.029
226.0,2018-03-28 06:45:17.023824,2018-03-28 09:42:53.773332,2493054.525,-3.0,1.499,1.998,4.2,2.56,2.558,9.933,9.029
227.0,2018-03-28 09:42:53.701812,2018-03-28 12:40:28.216856,2503708.968,-3.0,1.5,1.998,4.2,2.559,2.558,9.931,9.026
228.0,2018-03-28 12:40:28.282648,2018-03-28 15:38:01.370260,2514362.122,-3.0,1.5,1.997,4.2,2.559,2.557,9.928,9.025
229.0,2018-03-28 15:38:01.290520,2018-03-28 18:35:31.804824,2525012.556,-3.0,1.5,1.997,4.2,2.558,2.557,9.926,9.023
230.0,2018-03-28 18:35:31.676952,2018-03-28 21:33:02.199700,2535662.951,-3.0,1.5,1.998,4.2,2.558,2.556,9.926,9.022
231.0,2018-03-28 21:33:02.064084,2018-03-29 00:30:30.725012,2546311.477,-3.0,1.5,1.997,4.2,2.557,2.556,9.924,9.021
232.0,2018-03-29 00:30:30.876852,2018-03-29 03:27:58.818036,2556959.57,-3.0,1.5,1.998,4.2,2.557,2.556,9.922,9.02
233.0,2018-03-29 03:27:58.903988,2018-03-29 06:25:23.655320,2567604.407,-3.0,1.5,1.998,4.2,2.556,2.555,9.919,9.016
234.0,2018-03-29 06:25:23.785396,2018-03-29 09:22:46.738008,2578247.49,-3.0,1.5,1.997,4.2,2.556,2.554,9.917,9.015
235.0,2018-03-29 09:22:46.831696,2018-03-29 12:20:07.367600,2588888.119,-3.0,1.499,1.998,4.2,2.555,2.554,9.916,9.014
236.0,2018-03-29 12:20:07.518300,2018-03-29 15:17:27.437460,2599528.189,-3.0,1.499,1.997,4.2,2.555,2.552,9.914,9.009
237.0,2018-03-29 15:17:27.156628,2018-03-29 18:14:44.114736,2610164.866,-3.0,1.499,1.997,4.2,2.553,2.552,9.909,9.007
238.0,2018-03-29 18:14:44.173916,2018-03-29 21:12:01.714156,2620802.466,-3.0,1.5,1.997,4.2,2.553,2.552,9.908,9.006
239.0,2018-03-29 21:12:01.715892,2018-03-30 00:09:15.037360,2631435.789,-3.0,1.5,1.998,4.2,2.552,2.551,9.906,9.004
240.0,2018-03-30 00:09:15.062164,2018-03-30 03:06:26.500212,2642067.252,-3.0,1.499,1.998,4.2,2.552,2.55,9.904,9.002
241.0,2018-03-30 03:06:26.574228,2018-03-30 06:03:35.891656,2652696.643,-3.0,1.5,1.998,4.2,2.551,2.55,9.901,9.0
242.0,2018-03-30 06:03:35.989340,2018-03-30 09:00:43.672948,2663324.424,-3.0,1.5,1.998,4.2,2.551,2.549,9.9,8.999
243.0,2018-03-30 09:00:43.831388,2018-03-30 11:57:49.863764,2673950.615,-3.0,1.5,1.997,4.2,2.55,2.549,9.898,8.997
244.0,2018-03-30 11:57:50.101172,2018-03-30 14:54:53.983240,2684574.735,-3.0,1.499,1.998,4.2,2.55,2.549,9.897,8.996
245.0,2018-03-30 14:54:54.010260,2018-03-30 17:51:56.305896,2695197.057,-3.0,1.5,1.997,4.2,2.549,2.548,9.894,8.993
246.0,2018-03-30 17:51:56.347384,2018-03-30 20:48:56.985700,2705817.737,-3.0,1.5,1.998,4.2,2.549,2.547,9.893,8.992
247.0,2018-03-30 20:48:57.111544,2018-03-30 23:45:55.701740,2716436.453,-3.0,1.5,1.997,4.2,2.548,2.547,9.89,8.99
248.0,2018-03-30 23:45:55.778552,2018-03-31 02:42:52.956016,2727053.708,-3.0,1.5,1.997,4.2,2.548,2.546,9.889,8.989
249.0,2018-03-31 02:42:52.873396,2018-03-31 05:39:49.361772,2737670.113,-3.0,1.5,1.997,4.2,2.548,2.546,9.889,8.988
250.0,2018-03-31 05:39:49.180408,2018-03-31 08:36:43.383720,2748284.135,-3.0,1.5,1.998,4.2,2.547,2.546,9.886,8.986
251.0,2018-03-31 08:36:43.128724,2018-03-31 11:33:35.520616,2758896.272,-3.0,1.5,1.998,4.2,2.547,2.545,9.885,8.985
252.0,2018-03-31 11:33:35.242132,2018-03-31 14:30:25.121416,2769505.873,-3.0,1.5,1.998,4.2,2.546,2.545,9.883,8.983
253.0,2018-03-31 14:30:25.258388,2018-03-31 17:27:14.373828,2780115.125,-3.0,1.499,1.997,4.2,2.546,2.544,9.881,8.982
254.0,2018-03-31 17:27:14.226168,2018-03-31 21:25:30.727280,2794411.479,-3.0,1.5,1.997,4.2,2.546,2.557,9.882,9.285
255.0,2018-03-31 21:25:30.774296,2018-04-01 01:24:13.488308,2808734.24,-1.5,1.5,1.999,4.2,2.557,2.558,9.934,9.288
256.0,2018-04-01 01:24:13.535924,2018-04-01 05:22:58.871276,2823059.623,-1.5,1.5,1.999,4.2,2.558,2.558,9.938,9.288
257.0,2018-04-01 05:22:58.918292,2018-04-01 05:23:59.180436,2823119.932,0.0,0.0,2.779,2.792,0.0,0.0,0.0,0.0
259.0,2018-05-07 11:42:25.949000,2018-05-07 15:33:49.074084,2837013.059,-1.5,1.5,1.999,4.2,2.469,2.503,9.692,8.962
260.0,2018-05-07 15:33:49.086408,2018-05-07 19:25:53.611204,2850937.596,-1.5,1.5,1.999,4.2,2.507,2.499,9.793,8.953
261.0,2018-05-07 19:25:53.625252,2018-05-07 23:17:45.415108,2864849.4,-1.5,1.5,1.999,4.2,2.503,2.498,9.776,8.954
262.0,2018-05-07 23:17:45.429156,2018-05-08 05:10:47.868792,2886031.854,-3.0,1.5,1.999,4.2,4.995,4.978,19.512,17.197
263.0,2018-05-08 05:10:47.883464,2018-05-08 08:02:04.019604,2896308.005,-3.0,1.5,1.998,4.2,2.491,2.487,9.72,8.597
264.0,2018-05-08 08:02:04.039056,2018-05-08 10:53:17.455084,2906581.44,-3.0,1.5,1.997,4.2,2.49,2.487,9.715,8.599
265.0,2018-05-08 10:53:17.472008,2018-05-08 13:44:22.271856,2916846.257,-3.0,1.5,1.998,4.2,2.488,2.485,9.706,8.599
266.0,2018-05-08 13:44:22.275884,2018-05-08 16:35:36.236696,2927120.222,-3.0,1.5,1.997,4.2,2.489,2.486,9.708,8.604
267.0,2018-05-08 16:35:36.248308,2018-05-08 19:26:46.391988,2937390.377,-3.0,1.5,1.997,4.2,2.488,2.486,9.705,8.603
268.0,2018-05-08 19:26:46.402860,2018-05-08 22:17:58.667252,2947662.652,-3.0,1.5,1.997,4.2,2.489,2.487,9.708,8.613
269.0,2018-05-08 22:17:58.688932,2018-05-09 01:09:20.256696,2957944.242,-3.0,1.5,1.997,4.2,2.49,2.489,9.713,8.624
270.0,2018-05-09 01:09:20.263332,2018-05-09 04:00:40.656248,2968224.641,-3.0,1.5,1.997,4.2,2.49,2.488,9.709,8.628
271.0,2018-05-09 04:00:40.664976,2018-05-09 06:52:10.230168,2978514.215,-3.0,1.5,1.997,4.2,2.492,2.49,9.717,8.643
272.0,2018-05-09 06:52:10.242860,2018-05-09 09:43:46.483552,2988810.468,-3.0,1.5,1.997,4.2,2.493,2.492,9.72,8.652
273.0,2018-05-09 09:43:46.472848,2018-05-09 12:35:29.502488,2999113.487,-3.0,1.5,1.998,4.2,2.494,2.493,9.723,8.662
274.0,2018-05-09 12:35:29.536264,2018-05-09 15:27:16.175964,3009420.161,-3.0,1.5,1.997,4.2,2.495,2.494,9.726,8.668
275.0,2018-05-09 15:27:16.201060,2018-05-09 18:19:10.052580,3019734.038,-3.0,1.5,1.998,4.2,2.497,2.495,9.73,8.68
276.0,2018-05-09 18:19:10.061732,2018-05-09 21:11:16.147676,3030060.133,-3.0,1.5,1.997,4.2,2.499,2.498,9.738,8.697
277.0,2018-05-09 21:11:16.174436,2018-05-10 00:04:13.181856,3040437.167,-3.0,1.5,1.997,4.2,2.496,2.5,9.733,8.708
278.0,2018-05-10 00:04:13.193928,2018-05-10 02:56:53.254220,3050797.239,-3.0,1.5,1.998,4.2,2.507,2.504,9.765,8.734
279.0,2018-05-10 02:56:53.272464,2018-05-10 05:49:37.322316,3061161.307,-3.0,1.5,1.998,4.2,2.507,2.505,9.764,8.743
280.0,2018-05-10 05:49:37.334412,2018-05-10 08:42:22.959052,3071526.944,-3.0,1.5,1.998,4.2,2.507,2.505,9.762,8.748
281.0,2018-05-10 08:42:22.982208,2018-05-10 11:35:14.062088,3081898.047,-3.0,1.5,1.997,4.2,2.507,2.506,9.763,8.756
282.0,2018-05-10 11:35:14.071592,2018-05-10 14:28:13.867080,3092277.852,-3.0,1.5,1.998,4.2,2.509,2.508,9.769,8.769
283.0,2018-05-10 14:28:13.857480,2018-05-10 17:21:19.279756,3102663.265,-3.0,1.5,1.997,4.2,2.51,2.508,9.77,8.776
284.0,2018-05-10 17:21:19.265480,2018-05-10 20:14:29.569112,3113053.554,-3.0,1.5,1.998,4.2,2.51,2.509,9.771,8.781
285.0,2018-05-10 20:14:29.572496,2018-05-10 23:28:57.925548,3124721.91,-3.0,1.5,1.997,4.227,2.545,2.559,9.914,8.975
286.0,2018-05-10 23:28:57.964484,2018-05-11 02:22:07.966992,3135111.952,-3.0,1.5,1.997,4.2,2.509,2.509,9.763,8.788
287.0,2018-05-11 02:22:08.006956,2018-05-11 05:15:27.534324,3145511.519,-3.0,1.5,1.997,4.2,2.511,2.51,9.771,8.796
288.0,2018-05-11 05:15:27.587116,2018-05-11 08:08:54.714292,3155918.699,-3.0,1.5,1.997,4.2,2.512,2.511,9.774,8.803
289.0,2018-05-11 08:08:54.736784,2018-05-11 11:02:27.222452,3166331.207,-3.0,1.5,1.997,4.2,2.513,2.512,9.776,8.808
290.0,2018-05-11 11:02:27.227436,2018-05-11 13:56:04.478868,3176748.464,-3.0,1.5,1.997,4.2,2.514,2.512,9.777,8.813
291.0,2018-05-11 13:56:04.502116,2018-05-11 16:49:43.774424,3187167.759,-3.0,1.5,1.998,4.2,2.514,2.513,9.777,8.815
292.0,2018-05-11 16:49:43.808912,2018-05-11 19:43:27.843672,3197591.829,-3.0,1.5,1.997,4.2,2.515,2.513,9.78,8.82
293.0,2018-05-11 19:43:27.866468,2018-05-11 22:37:16.276848,3208020.262,-3.0,1.5,1.998,4.2,2.515,2.514,9.781,8.825
294.0,2018-05-11 22:37:16.282668,2018-05-12 01:31:05.817844,3218449.803,-3.0,1.5,1.997,4.2,2.515,2.513,9.778,8.825
295.0,2018-05-12 01:31:05.812680,2018-05-12 03:46:35.484956,3226579.47,-5.169,1.5,1.997,4.2,2.09,2.091,7.996,7.211
296.0,2018-05-12 03:46:35.521512,2018-05-12 06:40:35.669972,3237019.655,-3.0,1.5,1.997,4.2,2.517,2.514,9.785,8.832
297.0,2018-05-12 06:40:35.667556,2018-05-12 09:34:38.774528,3247462.759,-3.0,1.5,1.998,4.2,2.517,2.515,9.783,8.838
298.0,2018-05-12 09:34:38.796688,2018-05-12 12:28:43.048440,3257907.033,-3.0,1.5,1.998,4.2,2.516,2.515,9.783,8.84
299.0,2018-05-12 12:28:43.039632,2018-05-12 15:22:48.967928,3268352.953,-3.0,1.5,1.997,4.2,2.516,2.515,9.781,8.841
300.0,2018-05-12 15:22:48.986312,2018-05-12 18:16:57.065272,3278801.05,-3.0,1.5,1.997,4.2,2.517,2.516,9.783,8.844
301.0,2018-05-12 18:16:57.063112,2018-05-12 21:11:07.818044,3289251.803,-3.0,1.5,1.997,4.2,2.517,2.516,9.783,8.846
302.0,2018-05-12 21:11:07.795920,2018-05-13 00:05:21.028832,3299705.014,-3.0,1.5,1.997,4.2,2.517,2.515,9.781,8.847
303.0,2018-05-13 00:05:21.048564,2018-05-13 02:59:38.035776,3310162.021,-3.0,1.5,1.998,4.2,2.517,2.516,9.782,8.85
304.0,2018-05-13 02:59:38.070528,2018-05-13 05:53:55.620080,3320619.605,-3.0,1.5,1.998,4.2,2.517,2.515,9.78,8.85
305.0,2018-05-13 05:53:55.651748,2018-05-13 08:48:15.592184,3331079.577,-3.0,1.5,1.997,4.2,2.517,2.516,9.781,8.853
306.0,2018-05-13 08:48:15.589264,2018-05-13 11:42:36.587444,3341540.572,-3.0,1.5,1.997,4.2,2.517,2.516,9.78,8.853
307.0,2018-05-13 11:42:36.576656,2018-05-13 14:36:56.324152,3352000.309,-3.0,1.5,1.997,4.2,2.516,2.515,9.777,8.852
308.0,2018-05-13 14:36:56.318764,2018-05-13 17:31:17.712724,3362461.698,-3.0,1.5,1.997,4.2,2.516,2.515,9.777,8.853
309.0,2018-05-13 17:31:17.699472,2018-05-13 20:25:37.627960,3372921.613,-3.0,1.5,1.997,4.2,2.516,2.515,9.775,8.852
310.0,2018-05-13 20:25:37.638188,2018-05-13 23:19:59.424152,3383383.409,-3.0,1.5,1.997,4.2,2.516,2.515,9.775,8.853
311.0,2018-05-13 23:19:59.477648,2018-05-14 02:14:21.008340,3393844.993,-3.0,1.5,1.997,4.2,2.516,2.515,9.775,8.853
312.0,2018-05-14 02:14:20.989228,2018-05-14 05:08:42.638936,3404306.624,-3.0,1.5,1.998,4.2,2.516,2.514,9.774,8.853
313.0,2018-05-14 05:08:42.631980,2018-05-14 08:03:04.249112,3414768.234,-3.0,1.5,1.998,4.2,2.515,2.514,9.772,8.851
314.0,2018-05-14 08:03:04.340268,2018-05-14 10:57:26.228788,3425230.214,-3.0,1.5,1.997,4.2,2.515,2.514,9.771,8.851
315.0,2018-05-14 10:57:26.179628,2018-05-14 13:51:46.189740,3435690.175,-3.0,1.5,1.997,4.2,2.515,2.514,9.77,8.852
316.0,2018-05-14 13:51:46.183980,2018-05-14 16:46:05.824256,3446149.809,-3.0,1.5,1.997,4.2,2.514,2.513,9.769,8.851
317.0,2018-05-14 16:46:05.795016,2018-05-14 19:40:25.084136,3456609.069,-3.0,1.5,1.997,4.2,2.514,2.513,9.767,8.85
318.0,2018-05-14 19:40:25.078572,2018-05-14 21:56:35.893796,3464779.879,-3.043,1.5,1.997,4.2,2.102,2.103,8.037,7.28
319.0,2018-05-14 21:56:35.910444,2018-05-15 00:50:56.198676,3475240.184,-3.0,1.5,1.997,4.2,2.515,2.513,9.771,8.85
320.0,2018-05-15 00:50:56.176940,2018-05-15 03:45:16.684724,3485700.67,-3.0,1.5,1.998,4.2,2.514,2.513,9.766,8.85
321.0,2018-05-15 03:45:16.705480,2018-05-15 06:39:34.549620,3496158.535,-3.0,1.5,1.998,4.2,2.513,2.512,9.763,8.848
322.0,2018-05-15 06:39:34.547244,2018-05-15 09:33:52.181556,3506616.166,-3.0,1.5,1.997,4.2,2.513,2.512,9.762,8.847
323.0,2018-05-15 09:33:52.193600,2018-05-15 12:28:09.140624,3517073.126,-3.0,1.5,1.997,4.2,2.513,2.511,9.762,8.848
324.0,2018-05-15 12:28:09.116560,2018-05-15 15:22:25.773436,3527529.758,-3.0,1.5,1.997,4.2,2.512,2.511,9.76,8.846
325.0,2018-05-15 15:22:25.844112,2018-05-15 18:16:41.349776,3537985.335,-3.0,1.5,1.997,4.2,2.512,2.511,9.76,8.846
326.0,2018-05-15 18:16:41.391816,2018-05-15 21:10:57.672720,3548441.658,-3.0,1.5,1.997,4.2,2.512,2.511,9.759,8.846
327.0,2018-05-15 21:10:57.791788,2018-05-16 00:05:11.795528,3558895.78,-3.0,1.5,1.997,4.2,2.511,2.51,9.756,8.844
328.0,2018-05-16 00:05:11.832364,2018-05-16 02:59:25.559596,3569349.545,-3.0,1.5,1.997,4.2,2.511,2.51,9.756,8.844
329.0,2018-05-16 02:59:25.547660,2018-05-16 05:53:37.544016,3579801.529,-3.0,1.5,1.997,4.2,2.51,2.509,9.753,8.842
330.0,2018-05-16 05:53:37.554420,2018-05-16 08:47:49.781648,3590253.767,-3.0,1.5,1.997,4.2,2.511,2.51,9.754,8.843
331.0,2018-05-16 08:47:49.762088,2018-05-16 11:42:01.253272,3600705.238,-3.0,1.5,1.997,4.2,2.51,2.509,9.752,8.842
332.0,2018-05-16 11:42:01.244560,2018-05-16 14:36:12.121000,3611156.106,-3.0,1.5,1.997,4.2,2.51,2.509,9.751,8.841
333.0,2018-05-16 14:36:12.140608,2018-05-16 17:30:20.456340,3621604.441,-3.0,1.5,1.997,4.2,2.509,2.508,9.749,8.839
334.0,2018-05-16 17:30:20.546288,2018-05-16 20:24:27.705296,3632051.69,-3.0,1.5,1.997,4.2,2.509,2.508,9.748,8.837
335.0,2018-05-16 20:24:27.770820,2018-05-16 23:18:34.488200,3642498.473,-3.0,1.5,1.997,4.2,2.508,2.507,9.746,8.835
336.0,2018-05-16 23:18:34.470764,2018-05-17 02:12:38.557964,3652942.543,-3.0,1.5,1.997,4.2,2.508,2.507,9.743,8.833
337.0,2018-05-17 02:12:38.548168,2018-05-17 05:06:42.788268,3663386.773,-3.0,1.5,1.997,4.2,2.508,2.507,9.744,8.834
338.0,2018-05-17 05:06:42.824080,2018-05-17 08:00:43.912048,3673827.897,-3.0,1.5,1.997,4.2,2.507,2.506,9.74,8.832
339.0,2018-05-17 08:00:43.888328,2018-05-17 10:54:45.904080,3684269.889,-3.0,1.5,1.997,4.2,2.507,2.506,9.739,8.832
340.0,2018-05-17 10:54:45.937416,2018-05-17 13:48:47.296972,3694711.282,-3.0,1.5,1.997,4.2,2.507,2.506,9.74,8.832
341.0,2018-05-17 13:48:47.328144,2018-05-17 16:42:47.198404,3705151.183,-3.0,1.5,1.997,4.2,2.506,2.505,9.737,8.83
342.0,2018-05-17 16:42:47.215044,2018-05-17 19:36:45.784716,3715589.77,-3.0,1.5,1.997,4.2,2.506,2.505,9.735,8.828
343.0,2018-05-17 19:36:45.853760,2018-05-17 22:30:44.774376,3726028.759,-3.0,1.5,1.997,4.2,2.506,2.505,9.736,8.829
344.0,2018-05-17 22:30:44.755420,2018-05-18 01:24:42.256104,3736466.241,-3.0,1.5,1.998,4.2,2.505,2.504,9.734,8.828
345.0,2018-05-18 01:24:42.281124,2018-05-18 04:18:39.338408,3746903.323,-3.0,1.5,1.997,4.2,2.505,2.504,9.733,8.826
346.0,2018-05-18 04:18:39.348776,2018-05-18 07:12:34.508968,3757338.494,-3.0,1.5,1.997,4.2,2.505,2.504,9.73,8.825
347.0,2018-05-18 07:12:34.578320,2018-05-18 10:06:30.233192,3767774.218,-3.0,1.5,1.997,4.2,2.505,2.504,9.731,8.826
348.0,2018-05-18 10:06:30.204680,2018-05-18 13:00:23.187208,3778207.172,-3.0,1.5,1.997,4.2,2.504,2.503,9.728,8.824
349.0,2018-05-18 13:00:23.206400,2018-05-18 15:54:15.972456,3788639.957,-3.0,1.5,1.997,4.2,2.504,2.503,9.728,8.824
350.0,2018-05-18 15:54:15.948076,2018-05-18 18:48:06.820040,3799070.805,-2.999,1.5,1.997,4.2,2.504,2.503,9.727,8.823
351.0,2018-05-18 18:48:06.856744,2018-05-18 21:41:57.541588,3809501.527,-3.0,1.5,1.997,4.2,2.503,2.502,9.725,8.821
352.0,2018-05-18 21:41:57.564404,2018-05-19 00:35:47.374760,3819931.36,-3.0,1.5,1.997,4.2,2.503,2.502,9.724,8.821
353.0,2018-05-19 00:35:47.357860,2018-05-19 03:29:35.403912,3830359.389,-3.0,1.5,1.997,4.2,2.502,2.501,9.722,8.818
354.0,2018-05-19 03:29:35.446080,2018-05-19 06:23:22.971144,3840786.956,-3.0,1.5,1.997,4.2,2.502,2.501,9.722,8.819
355.0,2018-05-19 06:23:23.008812,2018-05-19 09:17:10.178540,3851214.163,-3.0,1.5,1.997,4.2,2.502,2.501,9.721,8.818
356.0,2018-05-19 09:17:10.180928,2018-05-19 12:10:56.728840,3861640.714,-3.0,1.5,1.997,4.2,2.502,2.501,9.72,8.817
357.0,2018-05-19 12:10:56.760720,2018-05-19 15:04:41.815556,3872065.8,-3.0,1.5,1.997,4.2,2.501,2.5,9.719,8.816
358.0,2018-05-19 15:04:41.835684,2018-05-19 17:58:24.825256,3882488.81,-3.0,1.5,1.997,4.2,2.501,2.5,9.717,8.815
359.0,2018-05-19 17:58:24.941868,2018-05-19 20:52:07.243432,3892911.228,-3.0,1.5,1.997,4.2,2.501,2.5,9.715,8.814
360.0,2018-05-19 20:52:07.198884,2018-05-19 23:45:47.726436,3903331.711,-3.0,1.5,1.998,4.2,2.5,2.499,9.713,8.812
361.0,2018-05-19 23:45:47.683728,2018-05-20 02:39:28.660196,3913752.645,-3.0,1.5,1.997,4.2,2.5,2.499,9.713,8.812
362.0,2018-05-20 02:39:28.694160,2018-05-20 05:33:07.369152,3924171.354,-3.0,1.5,1.997,4.2,2.499,2.498,9.709,8.808
363.0,2018-05-20 05:33:07.410632,2018-05-20 08:26:46.144196,3934590.129,-3.0,1.5,1.997,4.2,2.499,2.498,9.711,8.808
364.0,2018-05-20 08:26:46.192940,2018-05-20 11:20:23.602428,3945007.587,-3.0,1.5,1.997,4.2,2.499,2.498,9.709,8.807
365.0,2018-05-20 11:20:23.665928,2018-05-20 14:13:59.868284,3955423.853,-3.0,1.5,1.997,4.2,2.498,2.497,9.707,8.806
366.0,2018-05-20 14:13:59.825096,2018-05-20 17:07:34.800620,3965838.786,-3.0,1.5,1.997,4.2,2.498,2.497,9.706,8.805
367.0,2018-05-20 17:07:34.807116,2018-05-20 20:01:08.083564,3976252.069,-3.0,1.5,1.997,4.2,2.498,2.497,9.704,8.803
368.0,2018-05-20 20:01:08.215372,2018-05-20 22:54:40.287744,3986664.273,-3.0,1.5,1.997,4.2,2.497,2.496,9.703,8.801
369.0,2018-05-20 22:54:40.181136,2018-05-21 01:48:08.544952,3997072.53,-3.0,1.5,1.997,4.2,2.497,2.496,9.701,8.798
370.0,2018-05-21 01:48:08.608456,2018-05-21 04:41:32.616500,4007476.601,-3.0,1.5,1.997,4.2,2.496,2.495,9.699,8.795
371.0,2018-05-21 04:41:32.710500,2018-05-21 07:34:53.963008,4017877.948,-3.0,1.5,1.998,4.2,2.495,2.494,9.695,8.791
372.0,2018-05-21 07:34:53.930660,2018-05-21 10:28:15.579140,4028279.564,-3.0,1.5,1.997,4.2,2.495,2.494,9.696,8.792
373.0,2018-05-21 10:28:15.542336,2018-05-21 13:21:34.244164,4038678.229,-3.0,1.5,1.997,4.2,2.494,2.493,9.692,8.789
374.0,2018-05-21 13:21:34.269328,2018-05-21 16:14:52.086112,4049076.071,-3.0,1.5,1.997,4.2,2.494,2.493,9.69,8.787
375.0,2018-05-21 16:14:52.080116,2018-05-21 19:08:08.556996,4059472.542,-3.0,1.5,1.997,4.2,2.493,2.492,9.688,8.786
376.0,2018-05-21 19:08:08.579984,2018-05-21 22:01:23.731648,4069867.717,-3.0,1.5,1.997,4.2,2.493,2.491,9.687,8.783
377.0,2018-05-21 22:01:23.638060,2018-05-22 00:54:38.745536,4080262.73,-2.999,1.5,1.997,4.2,2.493,2.492,9.687,8.784
378.0,2018-05-22 00:54:38.696236,2018-05-22 03:47:52.019964,4090656.005,-2.999,1.499,1.997,4.2,2.492,2.491,9.685,8.783
379.0,2018-05-22 03:47:52.050376,2018-05-22 06:41:03.334084,4101047.319,-2.999,1.5,1.997,4.2,2.492,2.491,9.682,8.781
380.0,2018-05-22 06:41:03.307664,2018-05-22 09:34:13.805656,4111437.791,-2.999,1.5,1.997,4.2,2.491,2.49,9.681,8.779
381.0,2018-05-22 09:34:13.778120,2018-05-22 12:27:23.339680,4121827.325,-2.999,1.5,1.998,4.2,2.491,2.49,9.681,8.78
382.0,2018-05-22 12:27:23.331472,2018-05-22 15:20:31.461500,4132215.446,-3.0,1.5,1.997,4.2,2.491,2.49,9.679,8.777
383.0,2018-05-22 15:20:31.442932,2018-05-22 18:13:37.747996,4142601.733,-2.999,1.5,1.997,4.2,2.49,2.489,9.678,8.777
384.0,2018-05-22 18:13:37.719084,2018-05-22 21:06:45.116760,4152989.102,-3.0,1.5,1.997,4.2,2.492,2.488,9.683,8.772
385.0,2018-05-22 21:06:45.174984,2018-05-22 23:59:50.408636,4163374.394,-3.0,1.5,1.997,4.2,2.491,2.488,9.68,8.772
386.0,2018-05-22 23:59:50.271888,2018-05-23 02:52:54.005688,4173757.991,-2.999,1.5,1.997,4.2,2.49,2.489,9.675,8.774
387.0,2018-05-23 02:52:53.926900,2018-05-23 06:46:10.010288,4187753.995,-2.999,1.5,1.997,4.2,2.49,2.499,9.675,9.073
388.0,2018-05-23 06:46:10.057304,2018-05-23 10:39:49.338536,4201773.323,-1.5,1.5,1.999,4.2,2.5,2.5,9.722,9.076
389.0,2018-05-23 10:39:49.387252,2018-05-23 14:33:33.518148,4215797.503,-1.5,1.5,1.999,4.2,2.501,2.5,9.727,9.078
390.0,2018-05-23 14:33:33.566564,2018-05-23 14:34:33.697036,4215857.682,0.0,0.0,2.762,2.775,0.0,0.0,0.0,0.0
391.0,2018-06-05 13:23:28.497300,2018-06-05 16:25:47.758232,4226796.953,-1.499,1.5,0.07,4.205,2.002,2.029,7.722,7.164
392.0,2018-06-05 16:25:47.771632,2018-06-05 20:16:01.108656,4240610.304,-1.499,1.5,1.999,4.2,2.482,2.47,9.683,8.903
393.0,2018-06-05 20:16:01.120908,2018-06-06 00:06:31.654664,4254440.85,-1.5,1.5,1.999,4.2,2.479,2.474,9.665,8.924
394.0,2018-06-06 00:06:31.670612,2018-06-06 05:58:22.212548,4275551.408,-3.0,1.5,1.999,4.2,4.952,4.936,19.308,17.229
395.0,2018-06-06 05:58:22.225036,2018-06-06 08:49:10.006620,4285799.202,-3.0,1.5,1.997,4.2,2.471,2.467,9.62,8.622
396.0,2018-06-06 08:49:10.023920,2018-06-06 11:40:20.446972,4296069.642,-2.999,1.5,1.997,4.2,2.474,2.471,9.632,8.648
397.0,2018-06-06 11:40:20.457100,2018-06-06 14:31:36.375080,4306345.57,-2.999,1.5,1.997,4.2,2.474,2.471,9.629,8.654
398.0,2018-06-06 14:31:36.395504,2018-06-06 17:22:55.990484,4316625.185,-3.0,1.5,1.997,4.2,2.474,2.472,9.629,8.661
399.0,2018-06-06 17:22:56.003924,2018-06-06 20:14:21.229796,4326910.425,-3.0,1.5,1.997,4.2,2.475,2.473,9.631,8.669
400.0,2018-06-06 20:14:21.241348,2018-06-06 23:05:48.636456,4337197.831,-3.0,1.5,1.997,4.2,2.475,2.473,9.628,8.673
401.0,2018-06-06 23:05:48.647052,2018-06-07 01:57:21.629204,4347490.824,-3.0,1.5,1.997,4.2,2.475,2.473,9.629,8.678
402.0,2018-06-07 01:57:21.649392,2018-06-07 04:48:57.815256,4357787.01,-3.0,1.5,1.997,4.2,2.475,2.474,9.63,8.683
403.0,2018-06-07 04:48:57.838420,2018-06-07 07:40:37.605400,4368086.8,-2.999,1.5,1.997,4.2,2.476,2.474,9.631,8.687
404.0,2018-06-07 07:40:37.606952,2018-06-07 10:32:19.400524,4378388.595,-2.999,1.5,1.997,4.2,2.476,2.474,9.631,8.69
405.0,2018-06-07 10:32:19.407500,2018-06-07 13:24:02.589028,4388691.784,-2.999,1.5,1.997,4.2,2.476,2.474,9.629,8.69
406.0,2018-06-07 13:24:02.616872,2018-06-07 16:15:47.315516,4398996.51,-3.0,1.5,1.997,4.2,2.476,2.475,9.63,8.693
407.0,2018-06-07 16:15:47.333872,2018-06-07 19:07:31.301000,4409300.496,-3.0,1.5,1.997,4.2,2.475,2.474,9.626,8.692
408.0,2018-06-07 19:07:31.313392,2018-06-07 21:59:16.392584,4419605.588,-3.0,1.5,1.997,4.2,2.475,2.474,9.627,8.695
409.0,2018-06-07 21:59:16.390440,2018-06-08 00:51:02.513892,4429911.709,-3.0,1.5,1.997,4.2,2.475,2.474,9.627,8.696
410.0,2018-06-08 00:51:02.516264,2018-06-08 03:42:51.530828,4440220.726,-3.0,1.5,1.997,4.2,2.475,2.474,9.627,8.696
411.0,2018-06-08 03:42:51.558740,2018-06-08 06:34:39.817964,4450529.013,-3.0,1.5,1.997,4.2,2.475,2.474,9.626,8.697
412.0,2018-06-08 06:34:39.830668,2018-06-08 09:26:31.497692,4460840.693,-3.0,1.5,1.997,4.2,2.477,2.474,9.633,8.699
413.0,2018-06-08 09:26:31.510768,2018-06-08 12:18:21.205664,4471150.401,-3.0,1.5,1.997,4.2,2.475,2.474,9.626,8.699
414.0,2018-06-08 12:18:21.208104,2018-06-08 15:10:08.933708,4481458.129,-3.0,1.5,1.997,4.2,2.474,2.473,9.621,8.697
415.0,2018-06-08 15:10:08.956144,2018-06-08 18:01:56.975380,4491766.17,-3.0,1.5,1.997,4.2,2.474,2.472,9.62,8.696
416.0,2018-06-08 18:01:56.982512,2018-06-08 20:53:44.553500,4502073.748,-3.0,1.5,1.997,4.2,2.474,2.473,9.621,8.696
417.0,2018-06-08 20:53:44.550028,2018-06-08 23:45:31.153152,4512380.348,-3.0,1.5,1.997,4.2,2.473,2.472,9.618,8.696
418.0,2018-06-08 23:45:31.167672,2018-06-09 02:37:17.272440,4522686.467,-3.0,1.5,1.997,4.2,2.474,2.472,9.618,8.695
419.0,2018-06-09 02:37:17.260628,2018-06-09 05:29:04.545608,4532993.741,-3.0,1.5,1.997,4.2,2.474,2.472,9.619,8.695
420.0,2018-06-09 05:29:04.566000,2018-06-09 08:20:50.123424,4543299.318,-3.0,1.5,1.997,4.2,2.473,2.472,9.617,8.695
421.0,2018-06-09 08:20:50.134768,2018-06-09 11:12:36.345172,4553605.54,-3.0,1.5,1.997,4.2,2.473,2.471,9.615,8.694
422.0,2018-06-09 11:12:36.358796,2018-06-09 14:04:21.086148,4563910.281,-3.0,1.5,1.997,4.2,2.472,2.471,9.613,8.694
423.0,2018-06-09 14:04:21.108464,2018-06-09 16:56:05.713044,4574214.908,-3.0,1.5,1.997,4.2,2.472,2.471,9.613,8.695
424.0,2018-06-09 16:56:05.727060,2018-06-09 19:47:50.000340,4584519.195,-3.0,1.5,1.997,4.2,2.472,2.471,9.611,8.694
425.0,2018-06-09 19:47:50.017776,2018-06-09 22:39:32.841964,4594822.037,-3.0,1.5,1.997,4.2,2.472,2.47,9.61,8.694
426.0,2018-06-09 22:39:32.866800,2018-06-10 01:31:16.232960,4605125.428,-3.0,1.5,1.997,4.2,2.471,2.47,9.609,8.694
427.0,2018-06-10 01:31:16.240112,2018-06-10 04:22:57.987032,4615427.182,-2.999,1.5,1.997,4.2,2.471,2.47,9.606,8.692
428.0,2018-06-10 04:22:57.974824,2018-06-10 07:14:38.215060,4625727.41,-2.999,1.5,1.997,4.2,2.47,2.469,9.605,8.692
429.0,2018-06-10 07:14:38.202508,2018-06-10 10:06:21.562344,4636030.757,-3.0,1.5,1.997,4.2,2.471,2.469,9.607,8.691
430.0,2018-06-10 10:06:21.543352,2018-06-10 12:58:02.035424,4646331.23,-3.0,1.5,1.997,4.2,2.47,2.469,9.604,8.69
431.0,2018-06-10 12:58:02.065548,2018-06-10 15:49:43.077524,4656632.272,-3.0,1.5,1.997,4.2,2.47,2.469,9.602,8.69
432.0,2018-06-10 15:49:43.079764,2018-06-10 18:41:23.324296,4666932.519,-3.0,1.5,1.997,4.2,2.47,2.469,9.604,8.691
433.0,2018-06-10 18:41:23.339816,2018-06-10 21:33:03.136520,4677232.331,-3.0,1.5,1.997,4.2,2.47,2.468,9.601,8.69
434.0,2018-06-10 21:33:03.141616,2018-06-11 00:24:42.383940,4687531.579,-3.0,1.5,1.997,4.2,2.469,2.468,9.601,8.689
435.0,2018-06-11 00:24:42.385960,2018-06-11 03:16:21.217140,4697830.412,-3.0,1.5,1.997,4.2,2.469,2.468,9.6,8.69
436.0,2018-06-11 03:16:21.237488,2018-06-11 06:08:00.144808,4708129.34,-3.0,1.5,1.997,4.2,2.469,2.468,9.6,8.69
437.0,2018-06-11 06:08:00.154152,2018-06-11 08:59:38.314460,4718427.509,-3.0,1.5,1.997,4.2,2.469,2.468,9.599,8.689
438.0,2018-06-11 08:59:38.317752,2018-06-11 11:51:14.048560,4728723.244,-3.0,1.5,1.997,4.2,2.468,2.467,9.596,8.686
439.0,2018-06-11 11:51:14.055920,2018-06-11 14:42:47.917816,4739017.113,-3.0,1.5,1.997,4.2,2.467,2.466,9.593,8.683
440.0,2018-06-11 14:42:47.926412,2018-06-11 17:34:22.679608,4749311.875,-3.0,1.5,1.997,4.2,2.468,2.467,9.597,8.684
441.0,2018-06-11 17:34:22.681740,2018-06-11 20:25:55.645536,4759604.841,-3.0,1.5,1.997,4.2,2.467,2.466,9.591,8.681
442.0,2018-06-11 20:25:55.667596,2018-06-11 23:17:25.151868,4769894.347,-3.0,1.5,1.997,4.2,2.466,2.465,9.589,8.68
443.0,2018-06-11 23:17:25.180344,2018-06-12 02:08:58.066764,4780187.262,-3.0,1.5,1.997,4.2,2.468,2.465,9.596,8.68
444.0,2018-06-12 02:08:58.067796,2018-06-12 05:00:26.519668,4790475.715,-3.0,1.5,1.997,4.2,2.466,2.465,9.588,8.68
445.0,2018-06-12 05:00:26.498700,2018-06-12 07:51:54.093320,4800763.288,-3.0,1.5,1.997,4.2,2.466,2.465,9.587,8.679
446.0,2018-06-12 07:51:54.143372,2018-06-12 10:43:21.232220,4811050.427,-3.0,1.5,1.997,4.2,2.465,2.464,9.586,8.678
447.0,2018-06-12 10:43:21.263856,2018-06-12 13:34:47.699124,4821336.894,-3.0,1.5,1.997,4.2,2.465,2.464,9.585,8.677
448.0,2018-06-12 13:34:47.728880,2018-06-12 16:26:12.701572,4831621.897,-3.0,1.5,1.997,4.2,2.465,2.464,9.584,8.677
449.0,2018-06-12 16:26:12.752112,2018-06-12 19:17:36.282164,4841905.477,-3.0,1.5,1.997,4.2,2.464,2.463,9.582,8.675
450.0,2018-06-12 19:17:36.333552,2018-06-12 22:09:00.822188,4852190.017,-3.0,1.5,1.997,4.2,2.464,2.463,9.581,8.675
451.0,2018-06-12 22:09:00.832296,2018-06-13 01:00:23.314168,4862472.509,-3.0,1.5,1.997,4.2,2.464,2.463,9.579,8.674
452.0,2018-06-13 01:00:23.299724,2018-06-13 03:51:43.954112,4872753.149,-3.0,1.5,1.997,4.2,2.463,2.462,9.577,8.672
453.0,2018-06-13 03:51:43.997680,2018-06-13 06:43:04.545724,4883033.741,-3.0,1.5,1.997,4.2,2.464,2.462,9.579,8.673
454.0,2018-06-13 06:43:04.629800,2018-06-13 09:34:25.080860,4893314.276,-3.0,1.5,1.997,4.2,2.463,2.462,9.578,8.671
455.0,2018-06-13 09:34:25.065612,2018-06-13 12:25:44.730108,4903593.925,-3.0,1.5,1.997,4.2,2.463,2.461,9.575,8.668
456.0,2018-06-13 12:25:44.715092,2018-06-13 15:17:03.173912,4913872.369,-3.0,1.5,1.997,4.2,2.463,2.461,9.575,8.668
457.0,2018-06-13 15:17:03.250260,2018-06-13 18:08:19.762060,4924148.957,-3.0,1.5,1.997,4.2,2.462,2.461,9.572,8.666
458.0,2018-06-13 18:08:19.753612,2018-06-13 20:23:37.949496,4932267.144,-3.0,1.5,1.997,4.2,2.086,2.087,7.993,7.236
459.0,2018-06-13 20:23:37.894640,2018-06-13 23:14:53.677160,4942542.872,-3.0,1.5,1.997,4.2,2.462,2.46,9.575,8.665
460.0,2018-06-13 23:14:53.677196,2018-06-14 02:06:06.753892,4952815.949,-3.0,1.5,1.997,4.2,2.461,2.46,9.57,8.664
461.0,2018-06-14 02:06:06.707440,2018-06-14 04:57:19.538680,4963088.734,-3.0,1.5,1.997,4.2,2.461,2.46,9.568,8.662
462.0,2018-06-14 04:57:19.540776,2018-06-14 07:48:31.224312,4973360.419,-3.0,1.5,1.997,4.2,2.46,2.459,9.566,8.662
463.0,2018-06-14 07:48:31.260500,2018-06-14 10:39:41.635704,4983630.831,-3.0,1.5,1.997,4.2,2.46,2.459,9.565,8.661
464.0,2018-06-14 10:39:41.669104,2018-06-14 13:30:49.098108,4993898.293,-3.0,1.5,1.997,4.2,2.459,2.458,9.56,8.657
465.0,2018-06-14 13:30:49.128688,2018-06-14 16:21:57.567096,5004166.762,-3.0,1.5,1.997,4.2,2.46,2.458,9.566,8.657
466.0,2018-06-14 16:21:57.636648,2018-06-14 19:13:04.873424,5014434.068,-3.0,1.5,1.997,4.2,2.459,2.458,9.56,8.656
467.0,2018-06-14 19:13:04.834288,2018-06-14 22:04:14.817088,5024704.012,-3.0,1.5,1.997,4.2,2.46,2.458,9.564,8.658
468.0,2018-06-14 22:04:14.783940,2018-06-15 00:55:19.460420,5034968.655,-3.0,1.5,1.997,4.2,2.458,2.457,9.559,8.656
469.0,2018-06-15 00:55:19.425676,2018-06-15 03:46:22.379872,5045231.575,-3.0,1.5,1.997,4.2,2.458,2.457,9.557,8.654
470.0,2018-06-15 03:46:22.363376,2018-06-15 06:37:25.841476,5055495.036,-3.0,1.5,1.997,4.2,2.458,2.457,9.558,8.653
471.0,2018-06-15 06:37:25.825164,2018-06-15 09:28:29.116148,5065758.311,-3.0,1.5,1.997,4.2,2.458,2.457,9.557,8.654
472.0,2018-06-15 09:28:29.155880,2018-06-15 12:19:30.729812,5076019.925,-3.0,1.5,1.997,4.2,2.457,2.456,9.553,8.65
473.0,2018-06-15 12:19:30.717324,2018-06-15 15:10:30.589648,5086279.785,-3.0,1.5,1.997,4.2,2.457,2.456,9.554,8.651
474.0,2018-06-15 15:10:30.640168,2018-06-15 18:01:28.743216,5096537.938,-3.0,1.5,1.997,4.2,2.457,2.455,9.552,8.648
475.0,2018-06-15 18:01:28.728404,2018-06-15 20:52:27.030652,5106796.226,-3.0,1.5,1.997,4.2,2.457,2.455,9.552,8.649
476.0,2018-06-15 20:52:27.078284,2018-06-15 23:43:24.624296,5117053.819,-3.0,1.5,1.997,4.2,2.456,2.455,9.549,8.647
477.0,2018-06-15 23:43:24.642032,2018-06-16 02:34:20.078408,5127309.273,-3.0,1.5,1.997,4.2,2.456,2.455,9.548,8.646
478.0,2018-06-16 02:34:20.043092,2018-06-16 05:25:14.331664,5137563.527,-3.0,1.5,1.997,4.2,2.455,2.454,9.547,8.645
479.0,2018-06-16 05:25:14.329740,2018-06-16 08:16:07.177616,5147816.373,-3.0,1.5,1.997,4.2,2.455,2.454,9.545,8.643
480.0,2018-06-16 08:16:07.174796,2018-06-16 11:06:56.309068,5158065.504,-3.0,1.5,1.997,4.2,2.454,2.453,9.541,8.639
481.0,2018-06-16 11:06:56.349836,2018-06-16 13:57:43.708124,5168312.903,-3.0,1.5,1.997,4.2,2.453,2.452,9.54,8.637
482.0,2018-06-16 13:57:43.755404,2018-06-16 16:48:31.883796,5178561.079,-3.0,1.5,1.997,4.2,2.453,2.452,9.539,8.637
483.0,2018-06-16 16:48:31.881968,2018-06-16 19:39:17.999088,5188807.194,-3.0,1.5,1.997,4.2,2.453,2.452,9.539,8.636
484.0,2018-06-16 19:39:18.042352,2018-06-16 22:30:03.457244,5199052.652,-3.0,1.5,1.997,4.2,2.452,2.451,9.536,8.634
485.0,2018-06-16 22:30:03.416304,2018-06-17 01:20:47.886228,5209297.081,-3.0,1.5,1.997,4.2,2.452,2.451,9.535,8.634
486.0,2018-06-17 01:20:47.938188,2018-06-17 04:11:30.993356,5219540.188,-3.0,1.5,1.997,4.2,2.452,2.451,9.535,8.634
487.0,2018-06-17 04:11:31.018380,2018-06-17 07:02:14.102128,5229783.297,-3.0,1.5,1.997,4.2,2.452,2.451,9.535,8.633
488.0,2018-06-17 07:02:14.033236,2018-06-17 09:52:55.435536,5240024.631,-3.0,1.5,1.997,4.2,2.452,2.451,9.533,8.632
489.0,2018-06-17 09:52:55.409292,2018-06-17 12:43:37.255972,5250266.451,-3.0,1.5,1.997,4.2,2.452,2.451,9.533,8.632
490.0,2018-06-17 12:43:37.244300,2018-06-17 15:34:16.211664,5260505.407,-3.0,1.5,1.997,4.2,2.451,2.45,9.53,8.63
491.0,2018-06-17 15:34:16.261460,2018-06-17 18:24:55.000380,5270744.195,-3.0,1.5,1.997,4.2,2.451,2.45,9.531,8.63
492.0,2018-06-17 18:24:55.015976,2018-06-17 21:15:32.971752,5280982.167,-3.0,1.5,1.997,4.2,2.451,2.45,9.53,8.629
493.0,2018-06-17 21:15:32.985360,2018-06-18 00:06:11.583696,5291220.779,-3.0,1.5,1.997,4.2,2.451,2.45,9.529,8.629
494.0,2018-06-18 00:06:11.608204,2018-06-18 02:56:48.941056,5301458.136,-3.0,1.5,1.997,4.2,2.451,2.45,9.529,8.629
495.0,2018-06-18 02:56:48.986764,2018-06-18 05:47:26.201676,5311695.397,-3.0,1.5,1.997,4.2,2.45,2.449,9.527,8.626
496.0,2018-06-18 05:47:26.103180,2018-06-18 08:38:02.577796,5321931.773,-3.0,1.5,1.997,4.2,2.45,2.449,9.527,8.627
497.0,2018-06-18 08:38:02.498800,2018-06-18 11:28:41.493400,5332170.688,-3.0,1.5,1.997,4.2,2.451,2.45,9.531,8.632
498.0,2018-06-18 11:28:41.581296,2018-06-18 14:19:15.411080,5342404.606,-3.0,1.5,1.997,4.2,2.45,2.449,9.526,8.627
499.0,2018-06-18 14:19:15.552084,2018-06-18 17:09:53.275240,5352642.47,-3.0,1.5,1.997,4.2,2.45,2.449,9.528,8.628
500.0,2018-06-18 17:09:53.192588,2018-06-18 20:00:26.220716,5362875.416,-3.0,1.5,1.997,4.2,2.449,2.448,9.523,8.622
501.0,2018-06-18 20:00:26.245872,2018-06-18 22:50:54.378040,5373103.573,-3.0,1.5,1.997,4.2,2.448,2.447,9.519,8.619
502.0,2018-06-18 22:50:54.449292,2018-06-19 01:41:18.841376,5383328.036,-3.0,1.5,1.997,4.2,2.447,2.446,9.517,8.617
503.0,2018-06-19 01:41:18.720652,2018-06-19 04:31:41.986464,5393551.181,-3.0,1.5,1.997,4.2,2.446,2.445,9.514,8.614
504.0,2018-06-19 04:31:42.074708,2018-06-19 07:22:05.405304,5403774.6,-3.0,1.5,1.997,4.2,2.447,2.446,9.515,8.616
505.0,2018-06-19 07:22:05.428264,2018-06-19 10:12:25.940296,5413995.135,-3.0,1.5,1.997,4.2,2.446,2.445,9.511,8.612
506.0,2018-06-19 10:12:25.898636,2018-06-19 13:02:48.064772,5424217.26,-3.0,1.5,1.997,4.2,2.446,2.445,9.514,8.614
507.0,2018-06-19 13:02:48.204116,2018-06-19 15:53:08.306632,5434437.502,-3.0,1.5,1.997,4.2,2.446,2.445,9.511,8.612
508.0,2018-06-19 15:53:08.280972,2018-06-19 18:43:30.518668,5444659.714,-3.0,1.5,1.997,4.2,2.447,2.445,9.515,8.613
509.0,2018-06-19 18:43:30.455380,2018-06-19 21:33:49.588192,5454878.783,-3.0,1.5,1.997,4.2,2.446,2.445,9.511,8.613
510.0,2018-06-19 21:33:49.483860,2018-06-20 00:24:08.845960,5465098.041,-3.0,1.5,1.997,4.2,2.445,2.444,9.51,8.612
511.0,2018-06-20 00:24:09.036528,2018-06-20 03:14:27.124124,5475316.319,-3.0,1.5,1.997,4.2,2.445,2.444,9.509,8.611
512.0,2018-06-20 03:14:27.147604,2018-06-20 06:04:43.305480,5485532.5,-3.0,1.5,1.997,4.2,2.445,2.444,9.508,8.61
513.0,2018-06-20 06:04:43.423272,2018-06-20 08:55:00.257152,5495749.452,-3.0,1.499,1.997,4.2,2.445,2.443,9.508,8.609
514.0,2018-06-20 08:55:00.354600,2018-06-20 11:45:16.920708,5505966.116,-3.0,1.5,1.997,4.2,2.444,2.443,9.506,8.609
515.0,2018-06-20 11:45:17.024084,2018-06-20 14:35:33.057948,5516182.253,-3.0,1.5,1.997,4.2,2.445,2.443,9.507,8.608
516.0,2018-06-20 14:35:33.037608,2018-06-20 17:25:48.127512,5526397.322,-3.0,1.5,1.997,4.2,2.444,2.443,9.506,8.607
517.0,2018-06-20 17:25:48.134028,2018-06-20 20:16:01.746300,5536610.941,-3.0,1.5,1.997,4.2,2.444,2.442,9.504,8.605
518.0,2018-06-20 20:16:01.919628,2018-06-20 23:06:13.836724,5546823.032,-3.0,1.5,1.997,4.2,2.443,2.442,9.501,8.603
519.0,2018-06-20 23:06:14.001392,2018-06-21 02:55:37.299608,5560586.495,-3.0,1.5,1.996,4.2,2.443,2.45,9.501,8.895
520.0,2018-06-21 02:55:37.216752,2018-06-21 06:45:22.275020,5574371.47,-1.5,1.5,1.999,4.2,2.452,2.451,9.544,8.898
521.0,2018-06-21 06:45:22.190064,2018-06-21 10:35:14.847108,5588164.042,-1.5,1.5,1.999,4.2,2.453,2.453,9.55,8.902
522.0,2018-06-21 10:35:15.027796,2018-06-21 10:36:15.029096,5588224.224,0.0,0.0,2.756,2.768,0.0,0.0,0.0,0.0
523.0,2018-06-22 11:31:55.753100,2018-06-22 15:19:52.200316,5601910.672,-1.5,1.5,1.999,6.608,2.449,2.422,9.579,8.728
524.0,2018-06-22 15:19:52.212468,2018-06-22 19:06:49.789740,5615528.262,-1.5,1.5,1.999,4.2,2.434,2.428,9.502,8.756
525.0,2018-06-22 19:06:49.800892,2018-06-22 22:53:47.063820,5629145.536,-1.5,1.5,1.999,4.2,2.433,2.428,9.495,8.757
526.0,2018-06-22 22:53:47.079768,2018-06-23 04:39:48.075628,5649906.548,-3.0,1.5,1.999,4.2,4.854,4.838,18.944,16.857
527.0,2018-06-23 04:39:48.089744,2018-06-23 07:27:37.172016,5659975.644,-3.0,1.5,1.997,4.2,2.422,2.418,9.441,8.425
528.0,2018-06-23 07:27:37.180148,2018-06-23 10:15:20.775244,5670039.247,-3.0,1.5,1.997,4.2,2.42,2.417,9.434,8.422
529.0,2018-06-23 10:15:20.781812,2018-06-23 13:03:01.386140,5680099.858,-3.0,1.5,1.997,4.2,2.418,2.416,9.429,8.418
530.0,2018-06-23 13:03:01.393396,2018-06-23 15:50:41.397708,5690159.87,-3.0,1.5,1.997,4.2,2.419,2.415,9.43,8.421
531.0,2018-06-23 15:50:41.407064,2018-06-23 18:38:24.233028,5700222.705,-3.0,1.5,1.997,4.2,2.418,2.416,9.427,8.426
532.0,2018-06-23 18:38:24.246872,2018-06-23 21:26:08.380572,5710286.853,-3.0,1.5,1.997,4.2,2.419,2.416,9.429,8.427
533.0,2018-06-23 21:26:08.398200,2018-06-24 00:13:50.079840,5720348.552,-3.0,1.5,1.997,4.2,2.417,2.415,9.423,8.427
534.0,2018-06-24 00:13:50.098320,2018-06-24 03:01:31.504676,5730409.977,-3.0,1.5,1.997,4.2,2.417,2.415,9.421,8.425
535.0,2018-06-24 03:01:31.512720,2018-06-24 05:49:11.571832,5740470.044,-3.0,1.5,1.997,4.2,2.416,2.414,9.419,8.426
536.0,2018-06-24 05:49:11.600116,2018-06-24 08:36:52.544168,5750531.016,-3.0,1.5,1.997,4.2,2.416,2.415,9.419,8.428
537.0,2018-06-24 08:36:52.572248,2018-06-24 11:24:33.804552,5760592.277,-3.0,1.5,1.997,4.2,2.416,2.415,9.417,8.429
538.0,2018-06-24 11:24:33.806224,2018-06-24 14:12:12.874312,5770651.346,-3.0,1.5,1.997,4.2,2.416,2.414,9.417,8.427
539.0,2018-06-24 14:12:12.894196,2018-06-24 16:59:54.637640,5780713.11,-3.0,1.5,1.997,4.2,2.416,2.415,9.418,8.43
540.0,2018-06-24 16:59:54.652660,2018-06-24 19:47:35.001220,5790773.473,-3.0,1.5,1.997,4.2,2.415,2.414,9.414,8.428
541.0,2018-06-24 19:47:35.018584,2018-06-24 22:35:16.759940,5800835.232,-3.0,1.5,1.997,4.2,2.416,2.414,9.416,8.43
542.0,2018-06-24 22:35:16.777048,2018-06-25 01:22:55.432480,5810893.905,-3.0,1.5,1.997,4.2,2.415,2.414,9.412,8.428
543.0,2018-06-25 01:22:55.438936,2018-06-25 04:10:30.998276,5820949.47,-3.0,1.5,1.997,4.2,2.414,2.413,9.41,8.425
544.0,2018-06-25 04:10:31.004048,2018-06-25 06:58:06.083820,5831004.556,-3.0,1.5,1.997,4.2,2.414,2.413,9.409,8.425
545.0,2018-06-25 06:58:06.077940,2018-06-25 09:45:41.139376,5841059.611,-3.0,1.5,1.997,4.2,2.413,2.412,9.407,8.424
546.0,2018-06-25 09:45:41.151832,2018-06-25 12:33:17.032516,5851115.505,-3.0,1.5,1.997,4.2,2.414,2.413,9.408,8.426
547.0,2018-06-25 12:33:17.028440,2018-06-25 15:20:52.780484,5861171.253,-3.0,1.5,1.997,4.2,2.413,2.412,9.406,8.426
548.0,2018-06-25 15:20:52.823128,2018-06-25 18:08:29.937928,5871228.41,-3.0,1.5,1.997,4.2,2.414,2.413,9.408,8.428
549.0,2018-06-25 18:08:29.928536,2018-06-25 20:56:05.430472,5881283.903,-3.0,1.5,1.997,4.2,2.413,2.412,9.407,8.426
550.0,2018-06-25 20:56:05.411928,2018-06-25 23:43:38.718980,5891337.191,-3.0,1.5,1.997,4.2,2.413,2.411,9.404,8.423
551.0,2018-06-25 23:43:38.732532,2018-06-26 02:31:09.357364,5901387.829,-3.0,1.5,1.997,4.2,2.412,2.411,9.402,8.421
552.0,2018-06-26 02:31:09.333392,2018-06-26 05:18:41.082404,5911439.554,-3.0,1.5,1.997,4.2,2.412,2.411,9.403,8.422
553.0,2018-06-26 05:18:41.114100,2018-06-26 08:06:10.943820,5921489.416,-3.0,1.5,1.997,4.2,2.412,2.411,9.4,8.421
554.0,2018-06-26 08:06:10.961596,2018-06-26 10:53:41.147496,5931539.62,-2.999,1.5,1.997,4.2,2.412,2.411,9.4,8.422
555.0,2018-06-26 10:53:41.169240,2018-06-26 13:41:09.749768,5941588.222,-3.0,1.5,1.997,4.2,2.411,2.41,9.397,8.421
556.0,2018-06-26 13:41:09.771252,2018-06-26 16:28:37.537028,5951636.009,-3.0,1.499,1.997,4.2,2.411,2.41,9.397,8.421
557.0,2018-06-26 16:28:37.521496,2018-06-26 19:16:04.533088,5961683.005,-3.0,1.499,1.997,4.2,2.411,2.41,9.396,8.42
558.0,2018-06-26 19:16:04.550744,2018-06-26 22:03:32.157328,5971730.629,-3.0,1.5,1.997,4.2,2.411,2.409,9.397,8.419
559.0,2018-06-26 22:03:32.169816,2018-06-27 00:50:55.888320,5981774.36,-3.0,1.5,1.997,4.2,2.41,2.409,9.392,8.416
560.0,2018-06-27 00:50:55.889496,2018-06-27 03:38:19.049124,5991817.521,-3.0,1.5,1.997,4.2,2.409,2.408,9.391,8.415
561.0,2018-06-27 03:38:19.051920,2018-06-27 06:25:44.119416,6001862.591,-3.0,1.5,1.997,4.2,2.409,2.408,9.391,8.416
562.0,2018-06-27 06:25:44.114988,2018-06-27 09:13:05.074636,6011903.547,-3.0,1.5,1.997,4.2,2.408,2.407,9.387,8.412
563.0,2018-06-27 09:13:05.082556,2018-06-27 12:00:26.702756,6021945.175,-3.0,1.5,1.997,4.2,2.408,2.408,9.387,8.413
564.0,2018-06-27 12:00:26.704784,2018-06-27 14:47:48.415492,6031986.888,-3.0,1.5,1.997,4.2,2.408,2.407,9.387,8.413
565.0,2018-06-27 14:47:48.425716,2018-06-27 17:35:08.847884,6042027.32,-3.0,1.5,1.997,4.2,2.409,2.407,9.388,8.41
566.0,2018-06-27 17:35:08.835728,2018-06-27 20:22:29.572848,6052068.045,-3.0,1.5,1.997,4.2,2.408,2.407,9.386,8.412
567.0,2018-06-27 20:22:29.606388,2018-06-27 23:09:48.451456,6062106.924,-3.0,1.5,1.997,4.2,2.407,2.407,9.383,8.411
568.0,2018-06-27 23:09:48.443636,2018-06-28 01:57:07.761136,6072146.233,-3.0,1.5,1.997,4.2,2.408,2.406,9.385,8.41
569.0,2018-06-28 01:57:07.772504,2018-06-28 04:44:25.125056,6082183.597,-2.999,1.5,1.997,4.2,2.407,2.406,9.38,8.407
570.0,2018-06-28 04:44:25.135092,2018-06-28 07:31:42.980412,6092221.452,-3.0,1.5,1.997,4.2,2.407,2.406,9.383,8.41
571.0,2018-06-28 07:31:42.989200,2018-06-28 10:19:00.230388,6102258.702,-3.0,1.5,1.997,4.2,2.406,2.406,9.379,8.409
572.0,2018-06-28 10:19:00.221016,2018-06-28 13:06:17.442660,6112295.915,-3.0,1.5,1.997,4.2,2.407,2.406,9.38,8.409
573.0,2018-06-28 13:06:17.452632,2018-06-28 15:53:33.060892,6122331.533,-3.0,1.5,1.997,4.2,2.406,2.405,9.379,8.408
574.0,2018-06-28 15:53:33.078616,2018-06-28 18:40:48.900820,6132367.373,-2.999,1.5,1.997,4.2,2.406,2.405,9.378,8.408
575.0,2018-06-28 18:40:48.933976,2018-06-28 21:28:03.755228,6142402.227,-2.999,1.5,1.997,4.2,2.406,2.405,9.376,8.407
576.0,2018-06-28 21:28:03.740860,2018-06-29 00:15:19.002600,6152437.475,-3.0,1.5,1.997,4.2,2.406,2.405,9.376,8.407
577.0,2018-06-29 00:15:19.006296,2018-06-29 03:02:33.506876,6162471.979,-3.0,1.5,1.997,4.2,2.406,2.405,9.376,8.407
578.0,2018-06-29 03:02:33.551136,2018-06-29 05:49:44.905628,6172503.378,-2.999,1.5,1.997,4.2,2.405,2.404,9.373,8.404
579.0,2018-06-29 05:49:44.949748,2018-06-29 08:36:55.546880,6182534.019,-2.999,1.5,1.997,4.2,2.405,2.404,9.373,8.404
580.0,2018-06-29 08:36:55.563528,2018-06-29 11:24:06.012848,6192564.485,-3.0,1.5,1.997,4.2,2.404,2.403,9.371,8.402
581.0,2018-06-29 11:24:06.045136,2018-06-29 14:11:16.692064,6202595.164,-3.0,1.5,1.997,4.2,2.404,2.403,9.371,8.402
582.0,2018-06-29 14:11:16.721552,2018-06-29 16:58:24.917500,6212623.39,-3.0,1.5,1.997,4.2,2.404,2.403,9.369,8.401
583.0,2018-06-29 16:58:24.909200,2018-06-29 19:45:31.848188,6222650.32,-3.0,1.5,1.997,4.2,2.403,2.402,9.367,8.399
584.0,2018-06-29 19:45:31.786328,2018-06-29 22:32:38.013928,6232676.486,-2.999,1.5,1.997,4.2,2.403,2.402,9.367,8.398
585.0,2018-06-29 22:32:38.007796,2018-06-30 01:19:42.537112,6242701.009,-3.0,1.5,1.997,4.2,2.403,2.402,9.365,8.398
586.0,2018-06-30 01:19:42.591064,2018-06-30 04:06:47.919232,6252726.391,-3.0,1.5,1.997,4.2,2.403,2.402,9.366,8.399
587.0,2018-06-30 04:06:47.960664,2018-06-30 06:53:53.378176,6262751.85,-3.0,1.5,1.997,4.2,2.403,2.402,9.366,8.399
588.0,2018-06-30 06:53:53.395800,2018-06-30 09:40:57.964276,6272776.436,-2.999,1.5,1.997,4.2,2.402,2.401,9.363,8.397
589.0,2018-06-30 09:40:57.913532,2018-06-30 12:28:01.795576,6282800.268,-3.0,1.5,1.997,4.2,2.402,2.401,9.363,8.398
590.0,2018-06-30 12:28:01.841240,2018-06-30 15:15:04.059608,6292822.532,-3.0,1.5,1.997,4.2,2.402,2.401,9.361,8.396
591.0,2018-06-30 15:15:04.065212,2018-06-30 18:02:05.527264,6302843.999,-3.0,1.5,1.997,4.2,2.402,2.401,9.36,8.395
592.0,2018-06-30 18:02:05.502552,2018-06-30 20:49:05.296572,6312863.769,-2.999,1.5,1.997,4.2,2.401,2.4,9.357,8.392
593.0,2018-06-30 20:49:05.301692,2018-06-30 23:36:04.312460,6322882.785,-2.999,1.5,1.997,4.2,2.4,2.4,9.355,8.392
594.0,2018-06-30 23:36:04.248464,2018-07-01 02:23:04.494292,6332902.966,-3.0,1.5,1.997,4.2,2.401,2.4,9.358,8.394
595.0,2018-07-01 02:23:04.506256,2018-07-01 05:10:03.804160,6342922.276,-3.0,1.5,1.997,4.2,2.401,2.4,9.356,8.394
596.0,2018-07-01 05:10:03.846744,2018-07-01 07:57:03.604736,6352942.077,-2.999,1.5,1.997,4.2,2.401,2.4,9.357,8.394
597.0,2018-07-01 07:57:03.645784,2018-07-01 10:44:03.673520,6362962.146,-3.0,1.5,1.997,4.2,2.401,2.4,9.356,8.394
598.0,2018-07-01 10:44:03.706868,2018-07-01 13:31:03.546996,6372982.019,-3.0,1.5,1.997,4.2,2.401,2.4,9.356,8.395
599.0,2018-07-01 13:31:03.571344,2018-07-01 16:18:03.988060,6383002.46,-3.0,1.5,1.997,4.2,2.401,2.4,9.357,8.396
600.0,2018-07-01 16:18:04.025844,2018-07-01 19:05:02.257168,6393020.729,-3.0,1.5,1.997,4.2,2.4,2.399,9.354,8.393
601.0,2018-07-01 19:05:02.252020,2018-07-01 21:52:00.906624,6403039.379,-3.0,1.5,1.997,4.2,2.4,2.399,9.354,8.394
602.0,2018-07-01 21:52:00.937848,2018-07-02 00:38:58.697852,6413057.17,-3.0,1.5,1.997,4.2,2.399,2.399,9.351,8.391
603.0,2018-07-02 00:38:58.770008,2018-07-02 03:25:55.280392,6423073.752,-3.0,1.5,1.997,4.2,2.399,2.399,9.351,8.392
604.0,2018-07-02 03:25:55.292148,2018-07-02 06:12:51.190724,6433089.663,-2.999,1.5,1.997,4.2,2.399,2.398,9.35,8.39
605.0,2018-07-02 06:12:51.158928,2018-07-02 08:59:45.828816,6443104.301,-2.999,1.5,1.997,4.2,2.399,2.398,9.348,8.388
606.0,2018-07-02 08:59:45.911896,2018-07-02 11:46:39.057500,6453117.53,-2.999,1.5,1.997,4.2,2.398,2.397,9.346,8.388
607.0,2018-07-02 11:46:39.091800,2018-07-02 14:33:31.655448,6463130.128,-3.0,1.5,1.997,4.2,2.398,2.397,9.345,8.385
608.0,2018-07-02 14:33:31.681780,2018-07-02 17:20:23.343732,6473141.816,-2.999,1.5,1.997,4.2,2.398,2.397,9.344,8.384
609.0,2018-07-02 17:20:23.354256,2018-07-02 20:07:13.971640,6483152.444,-2.999,1.5,1.997,4.2,2.397,2.396,9.343,8.384
610.0,2018-07-02 20:07:13.978356,2018-07-02 22:54:02.445148,6493160.917,-2.999,1.5,1.997,4.2,2.397,2.396,9.34,8.382
611.0,2018-07-02 22:54:02.439868,2018-07-03 01:40:50.660880,6503169.133,-3.0,1.5,1.997,4.2,2.397,2.396,9.34,8.382
612.0,2018-07-03 01:40:50.638836,2018-07-03 04:27:37.924896,6513176.397,-2.999,1.5,1.997,4.2,2.396,2.395,9.339,8.381
613.0,2018-07-03 04:27:37.920500,2018-07-03 07:14:25.406196,6523183.878,-2.999,1.5,1.997,4.2,2.396,2.396,9.339,8.382
614.0,2018-07-03 07:14:25.464408,2018-07-03 10:01:10.943992,6533189.416,-3.0,1.5,1.997,4.2,2.396,2.395,9.336,8.379
615.0,2018-07-03 10:01:10.911164,2018-07-03 12:47:55.533652,6543194.006,-2.999,1.5,1.997,4.2,2.396,2.395,9.337,8.379
616.0,2018-07-03 12:47:55.571288,2018-07-03 15:34:39.957900,6553198.43,-3.0,1.5,1.997,4.2,2.395,2.394,9.336,8.376
617.0,2018-07-03 15:34:40.034804,2018-07-03 18:21:24.269528,6563202.742,-3.0,1.5,1.997,4.2,2.396,2.394,9.336,8.378
618.0,2018-07-03 18:21:24.236376,2018-07-03 21:08:05.922928,6573204.395,-2.999,1.5,1.997,4.2,2.395,2.394,9.332,8.375
619.0,2018-07-03 21:08:05.947480,2018-07-03 23:54:48.661664,6583207.134,-2.999,1.5,1.997,4.2,2.395,2.394,9.334,8.377
620.0,2018-07-03 23:54:48.707260,2018-07-04 02:41:29.751196,6593208.223,-3.0,1.5,1.997,4.2,2.394,2.393,9.331,8.375
621.0,2018-07-04 02:41:29.762804,2018-07-04 05:28:10.100868,6603208.573,-3.0,1.5,1.997,4.2,2.394,2.393,9.329,8.373
622.0,2018-07-04 05:28:10.097752,2018-07-04 08:14:51.219468,6613209.692,-2.999,1.5,1.997,4.2,2.394,2.393,9.33,8.375
623.0,2018-07-04 08:14:51.219032,2018-07-04 11:01:31.623860,6623210.096,-3.0,1.5,1.997,4.2,2.394,2.393,9.329,8.375
624.0,2018-07-04 11:01:31.684952,2018-07-04 13:48:11.901680,6633210.374,-3.0,1.5,1.997,4.2,2.394,2.393,9.33,8.374
625.0,2018-07-04 13:48:11.888528,2018-07-04 16:34:51.035724,6643209.508,-2.999,1.5,1.997,4.2,2.394,2.393,9.328,8.373
626.0,2018-07-04 16:34:50.978392,2018-07-04 19:21:29.473980,6653207.946,-2.999,1.5,1.997,4.2,2.393,2.392,9.327,8.372
627.0,2018-07-04 19:21:29.347160,2018-07-04 22:08:07.565992,6663206.038,-2.999,1.5,1.997,4.2,2.393,2.392,9.327,8.371
628.0,2018-07-04 22:08:07.650292,2018-07-05 00:24:33.693900,6671392.166,-3.0,1.5,1.997,4.2,2.093,2.093,8.067,7.238
629.0,2018-07-05 00:24:33.752152,2018-07-05 03:11:11.600520,6681390.073,-2.999,1.5,1.997,4.2,2.394,2.392,9.33,8.37
630.0,2018-07-05 03:11:11.596432,2018-07-05 05:57:47.096556,6691385.569,-2.999,1.5,1.997,4.2,2.392,2.391,9.324,8.368
631.0,2018-07-05 05:57:47.082516,2018-07-05 08:44:20.903728,6701379.376,-2.999,1.5,1.997,4.2,2.392,2.391,9.321,8.367
632.0,2018-07-05 08:44:21.059472,2018-07-05 11:30:53.338092,6711371.81,-3.0,1.5,1.997,4.2,2.391,2.39,9.318,8.364
633.0,2018-07-05 11:30:53.333692,2018-07-05 14:17:24.584124,6721363.056,-3.0,1.5,1.997,4.2,2.39,2.39,9.316,8.362
634.0,2018-07-05 14:17:24.690108,2018-07-05 17:03:55.458752,6731353.931,-3.0,1.5,1.997,4.2,2.39,2.39,9.316,8.363
635.0,2018-07-05 17:03:55.391064,2018-07-05 19:50:24.073360,6741342.545,-3.0,1.5,1.997,4.2,2.39,2.389,9.313,8.359
636.0,2018-07-05 19:50:24.126040,2018-07-05 22:36:53.363824,6751331.836,-3.0,1.5,1.997,4.2,2.39,2.389,9.313,8.36
637.0,2018-07-05 22:36:53.385304,2018-07-06 01:23:21.968144,6761320.44,-2.999,1.5,1.997,4.2,2.389,2.389,9.311,8.359
638.0,2018-07-06 01:23:21.989108,2018-07-06 04:09:49.651316,6771308.123,-3.0,1.5,1.997,4.2,2.389,2.388,9.311,8.359
639.0,2018-07-06 04:09:49.675408,2018-07-06 06:56:17.512432,6781295.984,-3.0,1.5,1.997,4.2,2.389,2.388,9.311,8.358
640.0,2018-07-06 06:56:17.493080,2018-07-06 09:42:43.134312,6791281.606,-2.999,1.5,1.997,4.2,2.388,2.388,9.308,8.356
641.0,2018-07-06 09:42:43.082128,2018-07-06 12:29:06.927912,6801265.4,-3.0,1.5,1.997,4.2,2.388,2.387,9.306,8.354
642.0,2018-07-06 12:29:06.836568,2018-07-06 15:15:30.239436,6811248.712,-2.999,1.5,1.997,4.2,2.388,2.387,9.306,8.354
643.0,2018-07-06 15:15:30.197592,2018-07-06 18:01:53.373260,6821231.845,-2.999,1.5,1.997,4.2,2.388,2.387,9.306,8.353
644.0,2018-07-06 18:01:53.427644,2018-07-06 20:48:14.652620,6831213.125,-2.999,1.5,1.997,4.2,2.387,2.386,9.304,8.351
645.0,2018-07-06 20:48:14.691516,2018-07-06 23:34:34.854932,6841193.327,-2.999,1.5,1.997,4.2,2.387,2.386,9.302,8.35
646.0,2018-07-06 23:34:34.775440,2018-07-07 02:20:53.631352,6851172.103,-2.999,1.5,1.997,4.2,2.387,2.386,9.301,8.349
647.0,2018-07-07 02:20:53.680316,2018-07-07 05:07:14.405408,6861152.877,-2.999,1.5,1.997,4.2,2.388,2.386,9.306,8.349
648.0,2018-07-07 05:07:14.419800,2018-07-07 07:53:33.753188,6871132.225,-2.999,1.5,1.997,4.2,2.387,2.385,9.301,8.348
649.0,2018-07-07 07:53:33.717592,2018-07-07 10:39:52.551464,6881111.024,-2.999,1.5,1.997,4.2,2.387,2.385,9.301,8.348
650.0,2018-07-07 10:39:52.622168,2018-07-07 13:26:08.656232,6891087.128,-3.0,1.5,1.997,4.2,2.386,2.384,9.297,8.345
651.0,2018-07-07 13:26:08.642960,2018-07-07 17:10:28.510996,6904546.983,-3.0,1.5,1.996,4.2,2.386,2.393,9.301,8.659
652.0,2018-07-07 17:10:28.557112,2018-07-07 20:55:09.657012,6918028.129,-1.5,1.5,1.999,4.2,2.394,2.395,9.339,8.663
653.0,2018-07-07 20:55:09.575156,2018-07-08 00:39:55.132604,6931513.605,-1.5,1.5,1.999,4.2,2.395,2.395,9.344,8.664
654.0,2018-07-08 00:39:55.180120,2018-07-08 00:40:55.309492,6931573.782,0.0,0.0,2.752,2.764,0.0,0.0,0.0,0.0
655.0,2018-07-12 13:57:20.276600,2018-07-12 17:33:02.917148,6944526.424,-1.5,1.5,1.999,4.2,2.273,2.291,8.975,8.13
656.0,2018-07-12 17:33:02.929076,2018-07-12 21:09:52.936776,6957536.443,-1.5,1.5,1.999,4.2,2.31,2.304,9.07,8.19
657.0,2018-07-12 21:09:52.949328,2018-07-13 00:47:13.171972,6970576.679,-1.5,1.5,1.999,4.2,2.315,2.311,9.087,8.223
658.0,2018-07-13 00:47:13.183824,2018-07-13 06:20:57.410784,6990600.917,-2.999,1.5,1.999,4.2,4.627,4.606,18.148,15.761
659.0,2018-07-13 06:20:57.421804,2018-07-13 09:02:35.448876,7000298.955,-2.999,1.5,1.997,4.2,2.321,2.319,9.085,7.953
660.0,2018-07-13 09:02:35.463460,2018-07-13 11:44:23.247408,7010006.754,-3.0,1.5,1.997,4.2,2.323,2.322,9.093,7.968
661.0,2018-07-13 11:44:23.262188,2018-07-13 14:26:15.808240,7019719.315,-3.0,1.5,1.997,4.2,2.325,2.323,9.097,7.975
662.0,2018-07-13 14:26:15.820168,2018-07-13 17:08:22.063992,7029445.571,-2.999,1.5,1.997,4.2,2.328,2.328,9.111,7.998
663.0,2018-07-13 17:08:22.075372,2018-07-13 19:50:32.955064,7039176.462,-2.999,1.5,1.997,4.2,2.329,2.328,9.112,8.003
664.0,2018-07-13 19:50:32.975340,2018-07-13 22:32:52.930912,7048916.437,-2.999,1.5,1.997,4.2,2.332,2.331,9.122,8.016
665.0,2018-07-13 22:32:52.943852,2018-07-14 01:15:10.841020,7058654.348,-3.0,1.5,1.997,4.2,2.331,2.33,9.12,8.015
666.0,2018-07-14 01:15:10.847980,2018-07-14 03:57:29.820760,7068393.327,-3.0,1.5,1.997,4.2,2.331,2.33,9.119,8.014
667.0,2018-07-14 03:57:29.841744,2018-07-14 06:39:50.580668,7078134.087,-2.999,1.5,1.997,4.2,2.332,2.331,9.122,8.022
668.0,2018-07-14 06:39:50.596388,2018-07-14 09:22:19.279808,7087882.786,-2.999,1.5,1.997,4.2,2.334,2.333,9.128,8.031
669.0,2018-07-14 09:22:19.289480,2018-07-14 12:04:50.185568,7097633.692,-3.0,1.5,1.997,4.2,2.334,2.333,9.128,8.034
670.0,2018-07-14 12:04:50.194512,2018-07-14 14:47:20.708604,7107384.215,-2.999,1.5,1.997,4.2,2.333,2.332,9.125,8.033
671.0,2018-07-14 14:47:20.722312,2018-07-14 17:29:55.830852,7117139.337,-2.999,1.5,1.997,4.2,2.335,2.334,9.133,8.041
672.0,2018-07-14 17:29:55.838032,2018-07-14 20:12:28.031744,7126891.538,-2.999,1.5,1.997,4.2,2.334,2.333,9.128,8.039
673.0,2018-07-14 20:12:28.037000,2018-07-14 22:55:05.922044,7136649.429,-3.0,1.5,1.997,4.2,2.336,2.335,9.133,8.047
674.0,2018-07-14 22:55:05.937800,2018-07-15 01:37:46.239676,7146409.746,-2.999,1.5,1.997,4.2,2.336,2.335,9.136,8.052
675.0,2018-07-15 01:37:46.247248,2018-07-15 04:20:29.812732,7156173.319,-2.999,1.5,1.997,4.2,2.337,2.336,9.137,8.054
676.0,2018-07-15 04:20:29.816712,2018-07-15 07:03:11.619300,7165935.126,-2.999,1.5,1.997,4.2,2.337,2.336,9.137,8.053
677.0,2018-07-15 07:03:11.616904,2018-07-15 09:45:53.131840,7175696.638,-2.999,1.5,1.997,4.2,2.337,2.336,9.136,8.055
678.0,2018-07-15 09:45:53.155052,2018-07-15 12:28:36.241956,7185459.749,-2.999,1.5,1.997,4.2,2.337,2.336,9.137,8.055
679.0,2018-07-15 12:28:36.265864,2018-07-15 15:11:15.945360,7195219.452,-2.999,1.5,1.997,4.2,2.336,2.335,9.133,8.05
680.0,2018-07-15 15:11:15.969004,2018-07-15 17:53:54.262888,7204977.769,-2.999,1.5,1.997,4.2,2.336,2.335,9.133,8.05
681.0,2018-07-15 17:53:54.279404,2018-07-15 20:36:31.867348,7214735.374,-2.999,1.5,1.997,4.2,2.335,2.335,9.132,8.05
682.0,2018-07-15 20:36:31.836240,2018-07-15 23:19:10.038480,7224493.545,-3.0,1.5,1.997,4.2,2.335,2.334,9.132,8.051
683.0,2018-07-15 23:19:10.015468,2018-07-16 02:01:48.710868,7234252.217,-2.999,1.5,1.997,4.2,2.336,2.334,9.133,8.05
684.0,2018-07-16 02:01:48.719184,2018-07-16 04:44:23.759904,7244007.266,-2.999,1.5,1.997,4.2,2.334,2.333,9.126,8.044
685.0,2018-07-16 04:44:23.785452,2018-07-16 07:26:57.033312,7253760.54,-2.999,1.5,1.997,4.2,2.334,2.333,9.126,8.042
686.0,2018-07-16 07:26:57.049680,2018-07-16 10:09:28.611484,7263512.118,-3.0,1.5,1.997,4.2,2.333,2.332,9.125,8.041
687.0,2018-07-16 10:09:28.609872,2018-07-16 12:51:56.690252,7273260.197,-2.999,1.5,1.997,4.2,2.332,2.331,9.121,8.037
688.0,2018-07-16 12:51:56.729324,2018-07-16 15:34:26.408108,7283009.915,-2.999,1.5,1.997,4.2,2.333,2.332,9.124,8.04
689.0,2018-07-16 15:34:26.421740,2018-07-16 18:16:57.172212,7292760.679,-2.999,1.5,1.997,4.2,2.333,2.332,9.124,8.04
690.0,2018-07-16 18:16:57.195700,2018-07-16 20:59:25.857944,7302509.365,-2.999,1.5,1.997,4.2,2.333,2.331,9.122,8.04
691.0,2018-07-16 20:59:25.904876,2018-07-16 23:41:57.513504,7312261.02,-2.999,1.5,1.997,4.2,2.333,2.332,9.124,8.044
692.0,2018-07-16 23:41:57.530604,2018-07-17 02:24:33.315332,7322016.822,-3.0,1.5,1.997,4.2,2.334,2.333,9.128,8.052
693.0,2018-07-17 02:24:33.350736,2018-07-17 05:07:09.881732,7331773.388,-3.0,1.5,1.997,4.2,2.334,2.333,9.126,8.053
694.0,2018-07-17 05:07:09.891664,2018-07-17 07:49:46.285180,7341529.792,-3.0,1.5,1.997,4.2,2.334,2.333,9.127,8.054
695.0,2018-07-17 07:49:46.268752,2018-07-17 10:32:23.905476,7351287.412,-3.0,1.5,1.997,4.2,2.335,2.334,9.127,8.056
696.0,2018-07-17 10:32:23.923792,2018-07-17 13:15:01.318144,7361044.825,-3.0,1.5,1.997,4.2,2.334,2.333,9.127,8.056
697.0,2018-07-17 13:15:01.349456,2018-07-17 15:57:39.156380,7370802.663,-3.0,1.5,1.997,4.2,2.334,2.333,9.125,8.056
698.0,2018-07-17 15:57:39.168136,2018-07-17 18:40:18.863140,7380562.37,-3.0,1.5,1.997,4.2,2.335,2.334,9.128,8.059
699.0,2018-07-17 18:40:18.887860,2018-07-17 21:22:57.853936,7390321.36,-2.999,1.5,1.997,4.2,2.334,2.334,9.126,8.06
700.0,2018-07-17 21:22:57.886088,2018-07-18 00:05:38.706848,7400082.213,-2.999,1.5,1.997,4.2,2.335,2.334,9.128,8.063
701.0,2018-07-18 00:05:38.719824,2018-07-18 02:48:21.056628,7409844.563,-2.999,1.5,1.997,4.2,2.335,2.335,9.129,8.066
702.0,2018-07-18 02:48:21.093356,2018-07-18 05:31:04.888008,7419608.395,-2.999,1.5,1.997,4.2,2.336,2.335,9.13,8.068
703.0,2018-07-18 05:31:04.876012,2018-07-18 08:13:48.927280,7429372.434,-3.0,1.5,1.997,4.2,2.335,2.335,9.129,8.068
704.0,2018-07-18 08:13:48.920712,2018-07-18 10:56:31.873728,7439135.38,-2.999,1.5,1.997,4.2,2.335,2.334,9.128,8.066
705.0,2018-07-18 10:56:31.917336,2018-07-18 13:39:13.727272,7448897.234,-2.999,1.5,1.997,4.2,2.335,2.334,9.126,8.067
706.0,2018-07-18 13:39:13.733612,2018-07-18 16:21:58.113920,7458661.62,-3.0,1.5,1.997,4.2,2.336,2.335,9.13,8.07
707.0,2018-07-18 16:21:58.138960,2018-07-18 19:04:42.182040,7468425.689,-2.999,1.5,1.997,4.2,2.335,2.334,9.128,8.07
708.0,2018-07-18 19:04:42.216328,2018-07-18 21:47:26.524148,7478190.031,-3.0,1.5,1.997,4.2,2.335,2.334,9.128,8.071
709.0,2018-07-18 21:47:26.523272,2018-07-19 00:30:10.746464,7487954.253,-3.0,1.5,1.997,4.2,2.335,2.334,9.127,8.071
710.0,2018-07-19 00:30:10.797448,2018-07-19 03:12:54.668860,7497718.175,-3.0,1.5,1.997,4.2,2.335,2.334,9.128,8.071
711.0,2018-07-19 03:12:54.744244,2018-07-19 05:55:38.867444,7507482.374,-3.0,1.5,1.997,4.2,2.335,2.334,9.127,8.07
712.0,2018-07-19 05:55:38.821612,2018-07-19 08:38:22.484888,7517245.991,-3.0,1.5,1.997,4.2,2.335,2.334,9.127,8.072
713.0,2018-07-19 08:38:22.440428,2018-07-19 11:21:05.619316,7527009.126,-2.999,1.5,1.997,4.2,2.335,2.334,9.127,8.072
714.0,2018-07-19 11:21:05.600592,2018-07-19 14:03:49.131224,7536772.638,-2.999,1.5,1.997,4.2,2.335,2.334,9.127,8.073
715.0,2018-07-19 14:03:49.153672,2018-07-19 16:46:32.531676,7546536.038,-2.999,1.5,1.997,4.2,2.335,2.334,9.126,8.073
716.0,2018-07-19 16:46:32.510444,2018-07-19 19:29:15.461064,7556298.968,-2.999,1.5,1.997,4.2,2.335,2.333,9.125,8.068
717.0,2018-07-19 19:29:15.409264,2018-07-19 22:11:56.032648,7566059.539,-3.0,1.499,1.997,4.2,2.334,2.333,9.121,8.066
718.0,2018-07-19 22:11:56.078160,2018-07-20 00:54:36.676372,7575820.183,-2.999,1.5,1.997,4.2,2.334,2.333,9.121,8.07
719.0,2018-07-20 00:54:36.682320,2018-07-20 03:37:14.285344,7585577.792,-3.0,1.5,1.997,4.2,2.333,2.332,9.118,8.066
720.0,2018-07-20 03:37:14.337360,2018-07-20 06:19:50.893660,7595334.4,-2.999,1.5,1.997,4.2,2.333,2.332,9.117,8.064
721.0,2018-07-20 06:19:50.878388,2018-07-20 09:02:30.260060,7605093.767,-2.999,1.5,1.997,4.2,2.333,2.333,9.12,8.07
722.0,2018-07-20 09:02:30.237164,2018-07-20 11:45:10.046268,7614853.553,-2.999,1.5,1.997,4.2,2.333,2.332,9.119,8.069
723.0,2018-07-20 11:45:10.120428,2018-07-20 14:27:49.406944,7624612.914,-2.999,1.5,1.997,4.2,2.333,2.332,9.119,8.07
724.0,2018-07-20 14:27:49.413768,2018-07-20 17:10:29.490208,7634372.997,-2.999,1.5,1.997,4.2,2.333,2.333,9.12,8.071
725.0,2018-07-20 17:10:29.493640,2018-07-20 19:53:08.212184,7644131.719,-2.999,1.5,1.997,4.2,2.333,2.332,9.117,8.069
726.0,2018-07-20 19:53:08.197356,2018-07-20 22:35:49.115776,7653892.622,-2.999,1.5,1.997,4.2,2.334,2.333,9.121,8.074
727.0,2018-07-20 22:35:49.129296,2018-07-21 01:18:30.235024,7663653.742,-2.999,1.5,1.997,4.2,2.334,2.333,9.121,8.074
728.0,2018-07-21 01:18:30.192208,2018-07-21 04:01:10.594656,7673414.101,-2.999,1.5,1.997,4.2,2.334,2.333,9.12,8.073
729.0,2018-07-21 04:01:10.599660,2018-07-21 06:43:50.272992,7683173.78,-2.999,1.5,1.997,4.2,2.333,2.332,9.118,8.072
730.0,2018-07-21 06:43:50.220880,2018-07-21 09:26:29.503076,7692933.01,-2.999,1.5,1.997,4.2,2.333,2.332,9.117,8.072
731.0,2018-07-21 09:26:29.514220,2018-07-21 12:09:08.469344,7702691.976,-2.999,1.5,1.997,4.2,2.333,2.332,9.117,8.071
732.0,2018-07-21 12:09:08.545616,2018-07-21 14:51:46.839188,7712450.346,-2.999,1.5,1.997,4.2,2.333,2.332,9.116,8.071
733.0,2018-07-21 14:51:46.921552,2018-07-21 17:34:25.445224,7722208.952,-3.0,1.5,1.997,4.2,2.333,2.332,9.116,8.073
734.0,2018-07-21 17:34:25.428560,2018-07-21 20:17:05.617576,7731969.124,-2.999,1.5,1.997,4.2,2.333,2.332,9.115,8.072
735.0,2018-07-21 20:17:05.639404,2018-07-21 22:59:45.929176,7741729.436,-2.999,1.5,1.997,4.2,2.333,2.332,9.117,8.074
736.0,2018-07-21 22:59:45.981620,2018-07-22 01:42:25.338396,7751488.845,-2.999,1.5,1.997,4.2,2.333,2.332,9.116,8.073
737.0,2018-07-22 01:42:25.340396,2018-07-22 04:25:03.699872,7761247.206,-2.999,1.5,1.997,4.2,2.332,2.331,9.113,8.07
738.0,2018-07-22 04:25:03.716332,2018-07-22 07:07:41.258588,7771004.765,-3.0,1.5,1.997,4.2,2.332,2.331,9.115,8.072
739.0,2018-07-22 07:07:41.305636,2018-07-22 09:50:18.744192,7780762.251,-2.999,1.5,1.997,4.2,2.332,2.331,9.114,8.072
740.0,2018-07-22 09:50:18.764268,2018-07-22 12:32:55.121344,7790518.628,-3.0,1.5,1.997,4.2,2.332,2.331,9.112,8.07
741.0,2018-07-22 12:32:55.175024,2018-07-22 15:15:31.078184,7800274.585,-2.999,1.5,1.997,4.2,2.332,2.331,9.112,8.07
742.0,2018-07-22 15:15:31.059892,2018-07-22 17:58:06.319236,7810029.826,-3.0,1.5,1.996,4.2,2.331,2.331,9.11,8.069
743.0,2018-07-22 17:58:06.355336,2018-07-22 20:40:42.331068,7819785.838,-2.999,1.5,1.997,4.2,2.332,2.331,9.111,8.071
744.0,2018-07-22 20:40:42.372176,2018-07-22 23:23:17.936172,7829541.443,-2.999,1.5,1.997,4.2,2.331,2.33,9.11,8.07
745.0,2018-07-22 23:23:17.929964,2018-07-23 02:05:55.277624,7839298.784,-2.999,1.5,1.997,4.2,2.332,2.331,9.113,8.071
746.0,2018-07-23 02:05:55.191788,2018-07-23 04:48:32.034832,7849055.541,-3.0,1.5,1.997,4.2,2.332,2.33,9.111,8.071
747.0,2018-07-23 04:48:31.994860,2018-07-23 07:31:07.318176,7858810.825,-2.999,1.5,1.997,4.2,2.331,2.33,9.11,8.071
748.0,2018-07-23 07:31:07.356240,2018-07-23 10:13:41.777212,7868565.284,-3.0,1.5,1.997,4.2,2.331,2.33,9.108,8.069
749.0,2018-07-23 10:13:41.800016,2018-07-23 12:46:42.709988,7877746.217,-3.0,1.5,1.997,4.2,2.271,2.202,8.856,7.576
750.0,2018-07-23 12:46:42.738256,2018-07-23 15:27:58.712968,7887422.22,-3.0,1.5,1.997,4.2,2.308,2.31,9.026,7.993
751.0,2018-07-23 15:27:58.735540,2018-07-23 18:09:29.439400,7897112.946,-3.0,1.5,1.997,4.2,2.314,2.312,9.047,8.001
752.0,2018-07-23 18:09:29.478124,2018-07-23 20:51:02.918600,7906806.425,-3.0,1.5,1.997,4.2,2.313,2.314,9.045,8.009
753.0,2018-07-23 20:51:02.973320,2018-07-23 23:32:39.995644,7916503.502,-2.999,1.5,1.997,4.2,2.314,2.315,9.048,8.012
754.0,2018-07-23 23:32:40.007660,2018-07-24 02:14:23.313780,7926206.82,-3.0,1.5,1.997,4.2,2.317,2.316,9.056,8.02
755.0,2018-07-24 02:14:23.267920,2018-07-24 04:56:11.199648,7935914.706,-3.0,1.5,1.997,4.2,2.318,2.317,9.061,8.024
756.0,2018-07-24 04:56:11.246772,2018-07-24 07:38:02.679092,7945626.186,-2.999,1.5,1.997,4.2,2.319,2.318,9.065,8.026
757.0,2018-07-24 07:38:02.698932,2018-07-24 10:19:51.691892,7955335.198,-3.0,1.5,1.997,4.2,2.318,2.318,9.061,8.026
758.0,2018-07-24 10:19:51.726360,2018-07-24 13:01:43.445968,7965046.953,-3.0,1.5,1.997,4.2,2.319,2.318,9.064,8.026
759.0,2018-07-24 13:01:43.440464,2018-07-24 15:43:35.158124,7974758.665,-3.0,1.5,1.997,4.2,2.32,2.317,9.067,8.024
760.0,2018-07-24 15:43:35.154668,2018-07-24 18:25:27.804364,7984471.311,-3.0,1.5,1.997,4.2,2.319,2.318,9.063,8.027
761.0,2018-07-24 18:25:27.786576,2018-07-24 21:07:21.003572,7994184.51,-2.999,1.5,1.997,4.2,2.319,2.318,9.064,8.029
762.0,2018-07-24 21:07:21.008108,2018-07-24 23:49:15.187872,8003898.694,-2.999,1.5,1.997,4.2,2.319,2.318,9.064,8.03
763.0,2018-07-24 23:49:15.278516,2018-07-25 02:31:12.882448,8013616.389,-3.0,1.5,1.997,4.2,2.32,2.319,9.068,8.034
764.0,2018-07-25 02:31:12.890960,2018-07-25 05:13:12.629720,8023336.136,-2.999,1.5,1.997,4.2,2.321,2.32,9.072,8.036
765.0,2018-07-25 05:13:12.666192,2018-07-25 07:55:14.793604,8033058.3,-2.999,1.5,1.997,4.2,2.322,2.32,9.075,8.037
766.0,2018-07-25 07:55:14.800820,2018-07-25 10:37:14.938252,8042778.445,-2.999,1.5,1.997,4.2,2.321,2.32,9.071,8.037
767.0,2018-07-25 10:37:14.838196,2018-07-25 13:19:14.265740,8052497.772,-3.0,1.5,1.997,4.2,2.32,2.32,9.069,8.037
768.0,2018-07-25 13:19:14.088940,2018-07-25 16:01:13.037584,8062216.544,-3.0,1.5,1.997,4.2,2.32,2.319,9.068,8.035
769.0,2018-07-25 16:01:13.077740,2018-07-25 18:43:12.236784,8071935.743,-3.0,1.5,1.997,4.2,2.32,2.32,9.069,8.036
770.0,2018-07-25 18:43:12.328884,2018-07-25 21:25:12.078188,8081655.585,-2.999,1.5,1.997,4.2,2.321,2.319,9.07,8.036
771.0,2018-07-25 21:25:11.972844,2018-07-26 00:07:11.836676,8091375.343,-2.999,1.5,1.997,4.2,2.321,2.32,9.069,8.038
772.0,2018-07-26 00:07:11.879248,2018-07-26 02:49:13.806716,8101097.313,-3.0,1.5,1.997,4.2,2.321,2.32,9.07,8.039
773.0,2018-07-26 02:49:13.751632,2018-07-26 05:31:16.034772,8110819.541,-2.999,1.5,1.997,4.2,2.321,2.32,9.07,8.041
774.0,2018-07-26 05:31:16.017132,2018-07-26 08:13:19.446132,8120542.953,-3.0,1.5,1.997,4.2,2.322,2.321,9.072,8.042
775.0,2018-07-26 08:13:19.462480,2018-07-26 10:55:21.965836,8130265.472,-2.999,1.5,1.997,4.2,2.321,2.32,9.07,8.04
776.0,2018-07-26 10:55:21.990124,2018-07-26 13:37:22.954548,8139986.461,-3.0,1.5,1.997,4.2,2.32,2.319,9.067,8.038
777.0,2018-07-26 13:37:23.076076,2018-07-26 16:19:23.449912,8149706.956,-3.0,1.5,1.997,4.2,2.32,2.319,9.067,8.038
778.0,2018-07-26 16:19:23.506668,2018-07-26 19:01:23.668976,8159427.176,-3.0,1.5,1.997,4.2,2.32,2.319,9.066,8.037
779.0,2018-07-26 19:01:23.675116,2018-07-26 21:43:22.435120,8169145.942,-3.0,1.5,1.997,4.2,2.319,2.319,9.064,8.036
780.0,2018-07-26 21:43:22.401672,2018-07-27 00:25:22.445136,8178865.952,-2.999,1.5,1.997,4.2,2.32,2.319,9.066,8.038
781.0,2018-07-27 00:25:22.439248,2018-07-27 03:07:24.085760,8188587.592,-2.999,1.5,1.997,4.2,2.32,2.32,9.067,8.04
782.0,2018-07-27 03:07:24.180460,2018-07-27 05:49:26.711616,8198310.218,-3.0,1.5,1.997,4.2,2.321,2.32,9.069,8.042
783.0,2018-07-27 05:49:26.839376,2018-07-27 09:28:15.224524,8211438.731,-2.999,1.5,1.996,4.2,2.321,2.328,9.069,8.383
784.0,2018-07-27 09:28:15.272940,2018-07-27 13:07:20.042088,8224583.549,-1.5,1.5,1.999,4.2,2.328,2.329,9.106,8.384
785.0,2018-07-27 13:07:20.090704,2018-07-27 16:46:27.611564,8237731.118,-1.5,1.5,1.999,4.2,2.329,2.329,9.109,8.383
786.0,2018-07-27 16:46:27.660880,2018-07-27 16:47:27.791852,8237791.298,0.0,0.0,2.752,2.764,0.0,0.0,0.0,0.0
